露營區名稱,所在縣市,土地,用地類別,營業狀態,符合,違反,原住民地區
三富休閒農場,宜蘭縣,,,營業中,符合休閒農業輔導管理辦法,,
水之定莊園-宜蘭縣員山鄉中華村長嶺路１８７號,宜蘭縣,,,待確認,具有稅籍登記,,
有機可尋生態休閒農場-宜蘭縣壯圍鄉復興村壯濱路二段１２６巷１２號,宜蘭縣,,,營業中,"符合休閒農業輔導管理辦法
具有稅籍登記",,
宜蘭三星_牛鬥一角民宿野營渡假村,宜蘭縣,非都市土地/山坡地保育區,農牧用地,營業中,待清查,待清查,是
宜蘭三星_安農露營區,宜蘭縣,非都市土地/特定農業區,特定目的事業用地,待確認,,,
宜蘭三星_長埤湖風景區,宜蘭縣,非都市土地/山坡地保育區,農牧用地,營業中,待清查,待清查,
宜蘭三星_柚園山莊,宜蘭縣,非都市土地/一般農業區,農牧用地,營業中,待清查,待清查,是
宜蘭三星_憲明國小福山營地,宜蘭縣,非都市土地/特定農業區,交通用地,營業中,第一、二波公告,,
宜蘭三星_鐘香聲薇,宜蘭縣,非都市土地/特定農業區,農牧用地,營業中,待清查,待清查,
宜蘭大同_山野澗休閒咖啡露營區,宜蘭縣,非都市土地/山坡地保育區,農牧用地,營業中,待清查,待清查,是
宜蘭大同_天梯露營區,宜蘭縣,非都市土地/山坡地保育區,農牧用地,營業中,待清查,待清查,是
宜蘭大同_天際線茶園營地,宜蘭縣,非都市土地/山坡地保育區,農牧用地,營業中,待清查,待清查,是
宜蘭大同_玉蘭茶園,宜蘭縣,非都市土地/山坡地保育區,農牧用地,營業中,待清查,待清查,是
宜蘭大同_沐野露營區,宜蘭縣,非都市土地/山坡地保育區,農牧用地,營業中,待清查,待清查,是
宜蘭大同_周家口露營區,宜蘭縣,非都市土地/山坡地保育區,農牧用地,營業中,待清查,待清查,是
宜蘭大同_松蘿園林,宜蘭縣,非都市土地/山坡地保育區,農牧用地,營業中,待清查,待清查,是
宜蘭大同_武林秘密基地,宜蘭縣,非都市土地/山坡地保育區,農牧用地,營業中,待清查,待清查,是
宜蘭大同_南山國小,宜蘭縣,非都市土地/山坡地保育區,農牧用地,無營業,,,是
宜蘭大同_星光山夜露營區,宜蘭縣,非都市土地/山坡地保育區,農牧用地,營業中,待清查,待清查,是
宜蘭大同_夏諾營,宜蘭縣,非都市土地/山坡地保育區,農牧用地,營業中,待清查,待清查,是
宜蘭大同_秘密基地露營區,宜蘭縣,非都市土地/山坡地保育區,農牧用地,營業中,待清查,待清查,是
"宜蘭大同_寒溪 66 號營地",宜蘭縣,非都市土地/山坡地保育區,農牧用地,營業中,待清查,待清查,是
宜蘭大同_寒溪農場,宜蘭縣,非都市土地/山坡地保育區,農牧用地,營業中,待清查,待清查,是
宜蘭大同_森活趣渡假農場,宜蘭縣,非都市土地/山坡地保育區,農牧用地,營業中,待清查,待清查,是
宜蘭大同_棲蘭達漾咖啡,宜蘭縣,非都市土地/森林區,交通用地,營業中,非都市土地管制規則,,是
"宜蘭大同_圓頂 360 露營區",宜蘭縣,非都市土地/山坡地保育區,農牧用地,營業中,待清查,待清查,是
宜蘭大同_溪河木,宜蘭縣,非都市土地/山坡地保育區,農牧用地,營業中,待清查,待清查,是
宜蘭大同_築夢園露營區,宜蘭縣,非都市土地/森林區,林業用地,營業中,待清查,待清查,是
宜蘭大同_櫻花溫泉休閒農場,宜蘭縣,非都市土地/山坡地保育區,農牧用地,營業中,休閒農業輔導辦法,,是
宜蘭大同_鷹櫻露營區,宜蘭縣,非都市土地/山坡地保育區,農牧用地,營業中,待清查,待清查,是
宜蘭冬山_一期一會莊園露營地,宜蘭縣,非都市土地/一般農業區,農牧用地,營業中,待清查,待清查,
宜蘭冬山_山谷樂生態露營園區,宜蘭縣,非都市土地/山坡地保育區,農牧用地,營業中,待清查,待清查,
宜蘭冬山_仁山茶園民宿,宜蘭縣,非都市土地/一般農業區,農牧用地,營業中,待清查,待清查,
宜蘭冬山_王老先生有塊地露營區,宜蘭縣,非都市土地/特定農業區,農牧用地,營業中,待清查,待清查,
宜蘭冬山_希望之丘露營區,宜蘭縣,非都市土地/一般農業區,農牧用地,營業中,休閒農業輔導辦法,,
宜蘭冬山_東風有機休閒農場,宜蘭縣,非都市土地/山坡地保育區,林業用地,營業中,,財政部國有財產署提供占用國有非公用土地之露營場,
宜蘭冬山_香格里拉休閒農場,宜蘭縣,非都市土地/森林區,林業用地,營業中,符合休閒農業輔導管理辦法,,
宜蘭冬山_梅花湖休閒農場,宜蘭縣,都市土地,農業區,營業中,休閒農業輔導辦法,,
宜蘭冬山_薩爾茨堡渡假莊園,宜蘭縣,非都市土地/特定農業區,農牧用地,營業中,待清查,待清查,
宜蘭宜蘭_同樂休閒綠園道,宜蘭縣,非都市土地,農牧用地/工業區,營業中,,都市計畫法/非都市土地管制規則,
"宜蘭南澳_Myasa 迷雅薩農場",宜蘭縣,非都市土地/一般農業區,農牧用地,營業中,待清查,待清查,是
宜蘭南澳_八福原地,宜蘭縣,非都市土地/山坡地保育區,農牧用地,營業中,待清查,待清查,是
宜蘭南澳_大俠谷露營農莊,宜蘭縣,非都市土地/山坡地保育區,國土保安用地,營業中,待清查,待清查,是
宜蘭南澳_山豬露營區,宜蘭縣,非都市土地/山坡地保育區,遊憩用地,營業中,非都市土地管制規則,,是
宜蘭南澳_白雲楓香露營區,宜蘭縣,非都市土地/山坡地保育區,農牧用地,營業中,待清查,待清查,是
宜蘭南澳_老柯農莊,宜蘭縣,非都市土地/山坡地保育區,農牧用地,營業中,待清查,待清查,是
宜蘭南澳_那山那谷休閒農場,宜蘭縣,非都市土地/山坡地保育區,農牧用地,營業中,符合休閒農業輔導管理辦法,,是
宜蘭南澳_東澳國小,宜蘭縣,,未登記土地,營業中,待清查,待清查,是
宜蘭南澳_武塔國小,宜蘭縣,非都市土地/山坡地保育區,特定目的事業用地,營業中,第一、二波公告,,是
宜蘭南澳_河那灣營地,宜蘭縣,非都市土地/山坡地保育區,農牧用地,營業中,待清查,待清查,是
宜蘭南澳_金岳秘境露營區,宜蘭縣,非都市土地/山坡地保育區,農牧用地,營業中,待清查,待清查,是
宜蘭南澳_金洋後山露營區,宜蘭縣,非都市土地/山坡地保育區,農牧用地,營業中,待清查,待清查,是
宜蘭南澳_奎諾斯營地,宜蘭縣,,未登錄地,營業中,待清查,待清查,是
宜蘭南澳_喬之約露營區,宜蘭縣,非都市土地/山坡地保育區,農牧用地,營業中,待清查,待清查,是
宜蘭南澳_蜜兒薩露營區,宜蘭縣,非都市土地/山坡地保育區,農牧用地,營業中,待清查,待清查,是
宜蘭南澳_慕塔夏露營區,宜蘭縣,非都市土地/山坡地保育區,林業用地,營業中,待清查,待清查,是
宜蘭南澳_摩諾營地,宜蘭縣,非都市土地/山坡地保育區,礦業用地,營業中,待清查,待清查,是
宜蘭南澳_豬爺爺休閒露營區,宜蘭縣,非都市土地/山坡地保育區,農牧用地,營業中,,區域計畫法,是
宜蘭南澳_露境東岳,宜蘭縣,非都市土地/山坡地保育區,農牧用地,營業中,待清查,待清查,是
宜蘭員山_山水休閒農場,宜蘭縣,非都市土地/一般農業區,農牧用地,營業中,待清查,待清查,
宜蘭員山_快樂時光花園廣場,宜蘭縣,非都市土地/特定農業區,交通用地,營業中,非都市土地管制規則,,
宜蘭員山_杉舞三生,宜蘭縣,非都市土地/山坡地保育區,農牧用地,營業中,待清查,待清查,
"宜蘭員山_嵐星 Camp",宜蘭縣,非都市土地/一般農業區,農牧用地,營業中,待清查,待清查,
宜蘭員山_蜜蜜雞地,宜蘭縣,非都市土地/特定農業區,甲種建築用地,營業中,,區域計畫法,
宜蘭員山_鳳梨屋水上莊園,宜蘭縣,非都市土地/森林區,農牧用地,營業中,,財政部國有財產署提供占用國有非公用土地之露營場,
宜蘭員山_鴻利山莊忘憂谷營地,宜蘭縣,非都市土地/山坡地保育區,農牧用地,營業中,待清查,待清查,
宜蘭員山_雙連埤生態教室,宜蘭縣,非都市土地/山坡地保育區,特定目的事業用地,無營業,,,
宜蘭員山_雙連埤露營區,宜蘭縣,非都市土地/山坡地保育區,農牧用地,營業中,,區域計畫法,
宜蘭頭城_二城國小,宜蘭縣,非都市土地/特定農業區,交通用地,營業中,待清查,待清查,
宜蘭頭城濱海森林公園,宜蘭縣,都市土地,遊樂區,營業中,符合頭城都市計畫土管要點,,
"宜蘭礁溪_Lemon Tree 檸檬樹露營區",宜蘭縣,都市土地,農業區,營業中,待清查,待清查,
宜蘭礁溪_大礁溪左岸民宿,宜蘭縣,非都市土地/山坡地保育區,農牧用地,營業中,待清查,待清查,
宜蘭礁溪_小礁溪綠野仙境,宜蘭縣,,未登錄土地,營業中,待清查,待清查,
宜蘭礁溪_小礁溪驛棧,宜蘭縣,非都市土地/山坡地保育區,農牧用地,營業中,待清查,待清查,
宜蘭礁溪_小礁溪驛棧,宜蘭縣,非都市土地/山坡地保育區,農牧用地,營業中,,違反森林法或休閒農業輔導管理辦法,
宜蘭礁溪_山上有水露營區,宜蘭縣,非都市土地/山坡地保育區,農牧用地,營業中,,區域計畫法,
宜蘭礁溪_山水幽谷營地,宜蘭縣,非都市土地/山坡地保育區,農牧用地,營業中,,財政部國有財產署提供占用國有非公用土地之露營場,
宜蘭礁溪_杉林奇蹟,宜蘭縣,非都市土地/森林區,林業用地,營業中,,違反森林法或休閒農業輔導管理辦法,
宜蘭礁溪_森活芬多精露營區,宜蘭縣,非都市土地/山坡地保育區,農牧用地,營業中,符合休閒農業輔導管理辦法,,
宜蘭礁溪_跑馬古道露營區,宜蘭縣,非都市土地/山坡地保育區,農牧用地,營業中,待清查,待清查,
宜蘭礁溪_逸游農場,宜蘭縣,非都市土地/山坡地保育區,林業用地,營業中,待清查,待清查,
宜蘭礁溪_夢土上休閒農場,宜蘭縣,非都市土地/山坡地保育區,農牧用地,營業中,休閒農業輔導辦法,,
宜蘭礁溪_櫻花陵園營地,宜蘭縣,非都市土地/特定專用區,殯葬用地,營業中,第一、二波公告,,
宜蘭礁溪_鷗漫景觀營地,宜蘭縣,非都市土地/山坡地保育區,農牧用地,營業中,,區域計畫法,
宜蘭蘇澳_武荖坑風景區,宜蘭縣,非都市土地/風景區,遊憩用地,營業中,非都市土地管制規則,,
宜蘭蘇澳_南安國中,宜蘭縣,都市土地,學校用地,無營業,,,
宜蘭蘇澳_南澳農場,宜蘭縣,非都市土地,農牧用地,營業中,休閒農業輔導辦法,,
宜蘭蘇澳_南澳農場,宜蘭縣,非都市土地,農牧用地,營業中,休閒農業輔導辦法,,
宜蘭蘇澳_睡海邊露營區,宜蘭縣,非都市土地/山坡地保育區,農牧用地,營業中,,財政部國有財產署提供占用國有非公用土地之露營場,
桶后營地-宜蘭縣礁溪鄉匏崙村０１３鄰匏杓崙路１４３－１號,宜蘭縣,,,待確認,具有稅籍登記,,
龜山朝日露營園區,宜蘭縣,,,營業中,第一、二波公告,,
優勝美地休閒農場,宜蘭縣,,,營業中,符合休閒農業輔導管理辦法,,
礁溪休閒農業有限公司休閒農場,宜蘭縣,,,營業中,符合休閒農業輔導管理辦法,,
麗野莊園休閒農場,宜蘭縣,,,營業中,符合休閒農業輔導管理辦法,,
1.山上22露營區(花蓮縣吉安鄉福興村山上22號),花蓮縣,,,營業中,,財政部國有財產署提供占用國有非公用土地之露營場,
花蓮玉里_天心茶園,花蓮縣,待確認,待確認,待確認,,,是
花蓮玉里_玉里老房森林露營農莊,花蓮縣,待確認,待確認,待確認,,,是
花蓮玉里_田園民宿,花蓮縣,待確認,待確認,待確認,,,是
花蓮玉里_汪家古厝,花蓮縣,待確認,待確認,營業中,,財政部國有財產署提供占用國有非公用土地之露營場,是
花蓮玉里_赤柯山小瑞士農場,花蓮縣,待確認,待確認,營業中,財政部國有財產署提供合法申請使用國有非公用土地,,是
花蓮玉里_東湖生態休閒農埸,花蓮縣,待確認,待確認,營業中,,財政部國有財產署提供占用國有非公用土地之露營場,是
花蓮玉里_東豐露營區,花蓮縣,待確認,待確認,待確認,,,是
花蓮玉里_林家園,花蓮縣,待確認,待確認,待確認,,,是
花蓮玉里_新品香茶園,花蓮縣,待確認,待確認,待確認,,,是
花蓮玉里_鐵份瀑布露營區,花蓮縣,待確認,待確認,待確認,,,是
花蓮玉里_觀天茗茶民俗之家,花蓮縣,待確認,待確認,待確認,,,是
花蓮光復_大象山莊,花蓮縣,待確認,待確認,待確認,,,是
花蓮光復_後山逍遙,花蓮縣,待確認,待確認,待確認,,,是
花蓮光復_劍柔山莊,花蓮縣,待確認,待確認,待確認,,,是
花蓮吉安_日出營地,花蓮縣,待確認,待確認,待確認,,,是
花蓮吉安_快樂農場日出十號露營區,花蓮縣,待確認,待確認,待確認,,,是
花蓮吉安_碁園露營區,花蓮縣,待確認,待確認,營業中,財政部國有財產署提供合法申請使用國有非公用土地,,是
花蓮秀林_山水間露營區,花蓮縣,待確認,待確認,待確認,,,是
花蓮秀林_月牙灣露營區,花蓮縣,待確認,待確認,待確認,,,是
花蓮秀林_白楊步道停車場,花蓮縣,待確認,待確認,待確認,,,是
花蓮秀林_合流露營區,花蓮縣,待確認,待確認,營業中,第一、二波公告,,是
花蓮秀林_西寶國小,花蓮縣,待確認,待確認,待確認,,,是
花蓮秀林_奇蹟露營農場,花蓮縣,待確認,待確認,待確認,,,是
花蓮秀林_星空小牧場,花蓮縣,待確認,待確認,待確認,,,是
花蓮秀林_悠悠太魯閣露營村,花蓮縣,待確認,待確認,營業中,,財政部國有財產署提供占用國有非公用土地之露營場,是
花蓮秀林_綠水野營地,花蓮縣,待確認,待確認,待確認,,,是
花蓮富里_台九線無毒農莊,花蓮縣,待確認,待確認,營業中,,財政部國有財產署提供占用國有非公用土地之露營場,是
花蓮富里_尖閣園,花蓮縣,待確認,待確認,待確認,,,是
花蓮富里_妙音禪寺,花蓮縣,待確認,待確認,營業中,財政部國有財產署提供合法申請使用國有非公用土地,,是
花蓮富里_尚品休閒農園,花蓮縣,待確認,待確認,營業中,財政部國有財產署提供合法申請使用國有非公用土地,,是
花蓮富里_春明農莊,花蓮縣,待確認,待確認,營業中,財政部國有財產署提供合法申請使用國有非公用土地,,是
花蓮富里_相如休閒山莊,花蓮縣,待確認,待確認,營業中,財政部國有財產署提供合法申請使用國有非公用土地,,是
花蓮富里_富茂農莊,花蓮縣,待確認,待確認,待確認,,,是
花蓮富里_彭大媽客家食堂民宿,花蓮縣,待確認,待確認,營業中,財政部國有財產署提供合法申請使用國有非公用土地,,是
花蓮富里_羅山露營區,花蓮縣,待確認,待確認,待確認,,,是
花蓮新城_大漢技術學院露營區,花蓮縣,待確認,待確認,待確認,,,是
花蓮新城_海悅灣休閒渡假民宿,花蓮縣,待確認,待確認,待確認,,,是
花蓮新城_海憩露營區,花蓮縣,待確認,待確認,待確認,,,是
花蓮瑞穗_白雲悠悠,花蓮縣,待確認,待確認,待確認,,,是
花蓮瑞穗_吉祥庭園溫泉,花蓮縣,待確認,待確認,待確認,,,是
花蓮瑞穗_東岡秀川溫泉民宿,花蓮縣,待確認,待確認,營業中,財政部國有財產署提供合法申請使用國有非公用土地,,是
花蓮瑞穗_原鄉溫泉民宿,花蓮縣,待確認,待確認,待確認,,,是
花蓮瑞穗_瑞峰溫泉民宿,花蓮縣,待確認,待確認,營業中,財政部國有財產署提供合法申請使用國有非公用土地,,是
花蓮瑞穗_瑞穗露營車體驗營,花蓮縣,待確認,待確認,待確認,,,是
花蓮瑞穗_瑞穗露營區,花蓮縣,待確認,待確認,營業中,第一、二波公告,,是
花蓮瑞穗_檳城休閒渡假農莊,花蓮縣,待確認,待確認,待確認,,,是
花蓮瑞穗_藍月亮露營區,花蓮縣,待確認,待確認,待確認,,,是
花蓮萬榮_禪音圓農場,花蓮縣,待確認,待確認,待確認,,,是
花蓮壽豐_心身活莊園,花蓮縣,待確認,待確認,待確認,,,是
花蓮壽豐_牛山呼庭休閒園區,花蓮縣,待確認,待確認,待確認,,,是
花蓮壽豐_宏卿山莊,花蓮縣,待確認,待確認,待確認,,,是
花蓮壽豐_後山星月,花蓮縣,待確認,待確認,待確認,,,是
花蓮壽豐_柚野花香露營區,花蓮縣,待確認,待確認,待確認,,,是
花蓮壽豐_海揚農莊,花蓮縣,待確認,待確認,待確認,,,是
"花蓮壽豐_浮源居 RV 露營車農莊",花蓮縣,待確認,待確認,待確認,,,是
花蓮壽豐_雲之鄉,花蓮縣,待確認,待確認,待確認,,,是
花蓮壽豐_慢活趣露營,花蓮縣,待確認,待確認,待確認,,,是
花蓮壽豐_綠野鄉鯉魚潭露營區,花蓮縣,待確認,待確認,營業中,第一、二波公告,,是
花蓮壽豐_鹽寮民宿露營區,花蓮縣,待確認,待確認,待確認,,,是
花蓮鳳林_芳草古樹花園民宿,花蓮縣,待確認,待確認,待確認,,,是
花蓮鳳林_花見薔薇山中會館,花蓮縣,待確認,待確認,待確認,,,是
"花蓮鳳林_鳳凰 52",花蓮縣,待確認,待確認,待確認,,,是
花蓮鳳林_賽斯村,花蓮縣,待確認,待確認,營業中,第一、二波公告,,是
花蓮豐濱_石梯坪露營區,花蓮縣,待確認,待確認,營業中,第一、二波公告,,是
"花蓮豐濱_海浪 Cafe 露營區",花蓮縣,待確認,待確認,待確認,,,是
花蓮豐濱_磯崎好聚落高山森林基地,花蓮縣,待確認,待確認,待確認,,,是
花蓮豐濱_磯崎海水浴場露營區,花蓮縣,待確認,待確認,營業中,第一、二波公告,,是
金門金湖_柳營步兵軍事體驗園區,金門縣,,,無營業,,,
金門金寧_中山林露營區,金門縣,,,營業中,第一、二波公告,,
奇萊山營地,南投縣,,,營業中,第一、二波公告,,
欣隆休閒農場-草屯鎮南埔里青宅巷３５－２１號,南投縣,,,待確認,具有稅籍登記,,
武岫休閒農場,南投縣,,,待確認,,,
武岫休閒農場,南投縣,,,營業中,符合休閒農業輔導管理辦法,,
社團法人南投縣社區家庭支援協會-南投縣竹山鎮桂林里中山路1-61號,南投縣,,,待確認,具有稅籍登記,,
南投中寮_二崁頂農場,南投縣,非都市土地/山坡地保育區,丙種建築用地,營業中,待清查,待清查,否
南投中寮_小鷹露營區,南投縣,非都市土地/山坡地保育區,農牧用地,營業中,,違反水土保持法,否
南投中寮_心花露FUN露營區,南投縣,非都市土地/山坡地保育區,農牧用地,營業中,待清查,待清查,否
南投中寮_和興樂活遊學中心,南投縣,非都市土地/山坡地保育區,丙種建築用地,營業中,"符合水土保持法
符合非都市土地使用管制規則",,否
南投中寮_洞九的山莊,南投縣,非都市土地/山坡地保育區,農牧用地,營業中,,違反水土保持法,否
南投中寮_海豚星露營區,南投縣,非都市土地/山坡地保育區,農牧用地,營業中,待清查,待清查,否
南投中寮_森呼吸,南投縣,非都市土地/山坡地保育區,農牧用地,營業中,待清查,待清查,否
南投中寮_雲?景觀莊園,南投縣,非都市土地/山坡地保育區,農牧用地,營業中,待清查,待清查,否
南投中寮_雲淡風清營地,南投縣,非都市土地/山坡地保育區,農牧用地,營業中,,違反水土保持法,否
南投中寮_潺潺森活,南投縣,非都市土地/山坡地保育區,農牧用地,營業中,待清查,待清查,否
南投中寮_賞星月慕露營區,南投縣,非都市土地/山坡地保育區,農牧用地,營業中,,違反水土保持法,否
南投中寮_鶴里翁露營區,南投縣,非都市土地/山坡地保育區,農牧用地,營業中,待清查,待清查,否
南投仁愛_一家人露營區,南投縣,非都市土地/森林區,林業用地,營業中,待清查,待清查,是(私有)
南投仁愛_士官長露營區,南投縣,待確認,待確認,營業中,待清查,待清查,否
南投仁愛_小太陽景觀木屋,南投縣,非都市土地/森林區,農牧用地,營業中,待清查,待清查,是(國有)
南投仁愛_小瑞士花園,南投縣,非都市土地/山坡地保育區,遊憩用地,營業中,待清查,待清查,否
南投仁愛_小瑞士花園,南投縣,非都市土地/山坡地保育區,遊憩用地,營業中,符合水土保持法,,否
南投仁愛_川中島落羽松露營祕境,南投縣,待確認,待確認,營業中,待清查,待清查,無提供地段號，爰查無資料
南投仁愛_五六露營農場,南投縣,待確認,待確認,營業中,待清查,待清查,無提供地段號，爰查無資料
南投仁愛_太魯灣溫泉露營區,南投縣,非都市土地/森林區,林業用地,營業中,待清查,待清查,是(國有)
南投仁愛_月夢田,南投縣,非都市土地/森林區,農牧用地,營業中,,違反水土保持法,是(私有)
南投仁愛_四季雲中茶園營地,南投縣,非都市土地/森林區,農牧用地,營業中,待清查,待清查,是(私有)
南投仁愛_合歡仙境民宿露營區,南投縣,非都市土地/山坡地保育區,國土保安用地,營業中,,違反森林法,是(私有)
"南投仁愛_曲冰妹原露營區 (萬豐國小)",南投縣,待確認,待確認,營業中,待清查,待清查,無提供地段號，爰查無資料
南投仁愛_曲冰金龍露營區,南投縣,非都市土地/森林區,農牧用地,營業中,,違反水土保持法,是(私有)
南投仁愛_曲冰嫚遊露營區,南投縣,非都市土地/森林區,林業用地,營業中,,違反水土保持法,是(私有)
南投仁愛_伴天聊露營區,南投縣,非都市土地/森林區,農牧用地,營業中,,違反水土保持法,是(私有)
南投仁愛_沙庫斯露營區,南投縣,非都市土地/山坡地保育區,農牧用地,營業中,待清查,待清查,是(私有)
南投仁愛_卑里露營區,南投縣,非都市土地/森林區,林業用地,營業中,待清查,待清查,是(私有)
南投仁愛_彼籟客休閒露營區,南投縣,非都市土地/森林區,農牧用地,營業中,待清查,待清查,是(私有)
南投仁愛_武界台興茶園,南投縣,非都市土地/森林區,林業用地,營業中,待清查,待清查,是(國有)
南投仁愛_武界茂盛茶園,南投縣,非都市土地/森林區,農牧用地,營業中,待清查,待清查,是(國有)
南投仁愛_武界開心茶園,南投縣,非都市土地/森林區,農牧用地,營業中,,違反水土保持法,是(國、私有)
南投仁愛_武界雲海露營區,南投縣,非都市土地/山坡地保育區,農牧用地,營業中,,違反區域計畫法,是(私有)
南投仁愛_武界雲頂露營天地,南投縣,非都市土地/森林區,農牧用地,營業中,待清查,待清查,是(國有)
南投仁愛_武界觀景茶園露營區,南投縣,非都市土地/森林區,農牧用地,營業中,待清查,待清查,是(私有)
南投仁愛_波露克爾咖啡露營棧(瑪羅伊休息站),南投縣,非都市土地/森林區,農牧用地,無營業,,,是(私有)
南投仁愛_玩皮獵人藝棧,南投縣,待確認,待確認,營業中,待清查,待清查,是(國有)
南投仁愛_芭喇露營區生態休閒農莊,南投縣,非都市土地/森林區,農牧用地,營業中,待清查,待清查,是(國有)
南投仁愛_青天樂活露營區,南投縣,非都市土地/山坡地保育區,農牧用地,營業中,待清查,待清查,是(私有)
南投仁愛_青青草原露營客棧,南投縣,非都市土地/山坡地保育區,農牧用地,營業中,待清查,待清查,否
南投仁愛_星空谷露營地,南投縣,非都市土地/山坡地保育區,農牧用地,營業中,,違反水土保持法,否
南投仁愛_星願村露營區(原川中島七里香露營區),南投縣,非都市土地/森林區,農牧用地,營業中,,違反水土保持法,是(私有)
南投仁愛_紅香露營區,南投縣,非都市土地/山坡地保育區,農牧用地,營業中,待清查,待清查,是(私有)
南投仁愛_虹谷有機農場,南投縣,非都市土地/森林區,農牧用地,營業中,待清查,待清查,是(國有、設有他項)
南投仁愛_酋長茅蘆露營區,南投縣,都市土地,保護區,營業中,,違反水土保持法,是(私有)
南投仁愛_原夢觀光農園,南投縣,非都市土地/森林區,農牧用地,營業中,待清查,待清查,是(私有)
南投仁愛_馬赫坡森林咖啡民宿,南投縣,都市土地,保護區,營業中,"符合水土保持法
依據都市計畫法施行細則第二十七條第三項規定保護區得作臨時性遊憩及露營所需之設施。",,是(私有)
南投仁愛_馬赫坡露營區,南投縣,待確認,待確認,營業中,待清查,待清查,是(國有)
南投仁愛_清流溪畔露營區,南投縣,非都市土地/森林區,農牧用地,營業中,待清查,待清查,是(國有、設有他項)
南投仁愛_清境彩虹露營區,南投縣,非都市土地/山坡地保育區,農牧用地,營業中,待清查,待清查,否
南投仁愛_清境眾茶緣,南投縣,非都市土地/森林區,丙種建築用地,無營業,,,是(私有)
南投仁愛_清境陽光露營,南投縣,非都市土地/山坡地保育區,農牧用地,營業中,待清查,待清查,否
南投仁愛_清翠露營園區,南投縣,非都市土地/森林區,農牧用地,營業中,,違反水土保持法,是(私有)
南投仁愛_部落尋奇溫泉農場,南投縣,非都市土地/森林區,農牧用地,營業中,待清查,待清查,是(私有)
南投仁愛_畫眉園露營區,南投縣,非都市土地/森林區,農牧用地,營業中,待清查,待清查,是(私有)
南投仁愛_雲夢茗園,南投縣,非都市土地/森林區,農牧用地,營業中,待清查,待清查,是(私有)
南投仁愛_雲窩森林露營區,南投縣,非都市土地/森林區,林業用地,營業中,待清查,待清查,是(私有)
南投仁愛_愛和華林園,南投縣,非都市土地/山坡地保育區,農牧用地,營業中,待清查,待清查,否
南投仁愛_溫莎花園民宿,南投縣,非都市土地/山坡地保育區,農牧用地,營業中,待清查,待清查,否
南投仁愛_達巴斯露營區,南投縣,非都市土地/森林區,農牧用地,營業中,待清查,待清查,是(私有)
南投仁愛_滿天馨露營區,南投縣,都市土地,保護區,營業中,,違反水土保持法,是(私有)
南投仁愛_漫活幸福露營區,南投縣,待確認,待確認,營業中,待清查,待清查,無提供地段號，爰查無資料
南投仁愛_熊溯溪露營區,南投縣,待確認,,營業中,,違反水土保持法,是(私有)
南投仁愛_瑪莉溫泉休閒農莊,南投縣,非都市土地/森林區,農牧用地,營業中,待清查,待清查,是(私有)
南投仁愛_翠峰露營區,南投縣,非都市土地/森林區,交通用地,營業中,待清查,待清查,是(國有、設有他項)
南投仁愛_靼靶嶺森林露營區,南投縣,非都市土地/森林區,農牧用地,營業中,待清查,待清查,是(國有、設有他項)
南投仁愛_撒姆?家,南投縣,非都市土地/森林區,國土保安用地,營業中,待清查,待清查,否
南投仁愛_撒姆?家,南投縣,非都市土地/森林區,國土保安用地,營業中,,違反森林法或休閒農業輔導管理辦法,否
南投仁愛_樂密谷,南投縣,非都市土地/森林區,林業用地,營業中,待清查,待清查,是(國有)
南投仁愛_魯道．鹿黑的家,南投縣,非都市土地/特定農業區,農牧用地,營業中,待清查,待清查,是(私有)
南投仁愛_曉園民宿,南投縣,非都市土地/森林區,農牧用地,營業中,,違反水土保持法,是(私有)
南投仁愛_築露中原露營區,南投縣,非都市土地/森林區,農牧用地,營業中,,違反水土保持法,是(私有)
南投仁愛_螢營的天空,南投縣,非都市土地/山坡地保育區,農牧用地,營業中,待清查,待清查,否
南投仁愛_諾亞方舟野地露營區,南投縣,非都市土地/森林區,農牧用地,營業中,待清查,待清查,是(私有)
南投仁愛_龍紋石休息站露營區,南投縣,待確認,待確認,營業中,,違反水土保持法,是(國有)
南投仁愛_賽德克公主美食文化露營區,南投縣,非都市土地/森林區,農牧用地,營業中,待清查,待清查,是(私有)
南投仁愛_藍瑪司露營地,南投縣,非都市土地/森林區,農牧用地,營業中,待清查,待清查,是(私有)
南投仁愛_廬山仙境溫泉會館,南投縣,都市土地,保護區,營業中,"符合水土保持法
依據都市計畫法施行細則第二十七條第三項規定保護區得作臨時性遊憩及露營所需之設施。",,是(私有)
南投仁愛_麒帆如露營山莊,南投縣,非都市土地/森林區,農牧用地,營業中,待清查,待清查,是(私有)
南投仁愛_蘇格蘭高地,南投縣,非都市土地/山坡地保育區,農牧用地,營業中,待清查,待清查,否
南投仁愛_櫻花村民宿,南投縣,非都市土地/森林區,農牧用地,營業中,待清查,待清查,是(私有)
南投仁愛_觀溫泉營地,南投縣,非都市土地/森林區,農牧用地,營業中,待清查,待清查,是(私有)
南投仁愛_灥流露營區,南投縣,非都市土地/山坡地保育區,農牧用地,營業中,,違反水土保持法,否
南投水里_大灣農園露營區,南投縣,非都市土地/山坡地保育區,特定目的事業用地,營業中,待清查,待清查,否
南投水里_山中流域露營區,南投縣,非都市土地/山坡地保育區,農牧用地,營業中,待清查,待清查,否
南投水里_水鄉山岳民宿,南投縣,非都市土地/山坡地保育區,農牧用地,營業中,待清查,待清查,否
南投水里_四季天露營區,南投縣,非都市土地/山坡地保育區,農牧用地,營業中,,違反水土保持法,否
南投水里_采荷莊民宿,南投縣,非都市土地/山坡地保育區,農牧用地,營業中,待清查,待清查,否
南投水里_奕青慢活莊園,南投縣,非都市土地/一般農業區,農牧用地,無營業,,,
南投水里_美麗水里生態園,南投縣,待確認,待確認,營業中,待清查,待清查,無提供地段號，爰查無資料
南投水里_藝之森休閒渡假村,南投縣,非都市土地/山坡地保育區,農牧用地,營業中,待清查,待清查,否
南投名間_南田牧野家,南投縣,非都市土地/一般農業區,農牧用地,營業中,,違反區域計畫法,否
南投名間_春秋茶事,南投縣,非都市土地/一般農業區,農牧用地,營業中,,違反區域計畫法,否
南投竹山_?閒茶園露營區,南投縣,待確認,待確認,營業中,待清查,待清查,否
南投竹山_牛母坪露營區,南投縣,非都市土地/山坡地保育區,農牧用地,營業中,待清查,待清查,否
南投竹山_右下四角村,南投縣,待確認,待確認,營業中,待清查,待清查,無提供地段號，爰查無資料
南投竹山_旭爸爸?窩,南投縣,非都市土地/山坡地保育區,農牧用地,營業中,待清查,待清查,否
南投竹山_江澤休閒民宿,南投縣,非都市土地/一般農業區,農牧用地,營業中,待清查,待清查,否
南投竹山_竹內露營區,南投縣,非都市土地/山坡地保育區,農牧用地,營業中,待清查,待清查,否
南投竹山_竹屋部落休閒農場,南投縣,非都市土地/一般農業區,農牧用地,營業中,待清查,待清查,否
南投竹山_老茶緣露營場,南投縣,待確認,待確認,營業中,待清查,待清查,否
南投竹山_忘憂天空露營區,南投縣,非都市土地/山坡地保育區,農牧用地,營業中,,違反水土保持法,否
南投竹山_杉林雲境露營區,南投縣,非都市土地/山坡地保育區,農牧用地,營業中,待清查,待清查,否
南投竹山_車店子休閒農園,南投縣,非都市土地/特定農業區,農牧用地,營業中,待清查,待清查,否
南投竹山_延山露營區,南投縣,非都市土地/山坡地保育區,丙種建築用地,營業中,"符合水土保持法
符合非都市土地使用管制規則",,否
南投竹山_空中邊境景觀農場,南投縣,非都市土地/山坡地保育區,農牧用地,營業中,待清查,待清查,否
南投竹山_哈比露營區,南投縣,非都市土地/山坡地保育區,農牧用地,營業中,待清查,待清查,否
南投竹山_迦南美地園區,南投縣,非都市土地/一般農業區,農牧用地,營業中,待清查,待清查,否
南投竹山_神采奕奕露營區,南投縣,非都市土地/山坡地保育區,農牧用地,營業中,,違反水土保持法,否
南投竹山_深山林內,南投縣,非都市土地/森林區,農牧用地,營業中,,違反水土保持法,否
南投竹山_麻吉露營區,南投縣,非都市土地/山坡地保育區,農牧用地,營業中,,違反水土保持法,否
南投竹山_瑞竹國中,南投縣,非都市土地/鄉村區,乙種建築用地,營業中,符合水土保持法,,否
南投竹山_瑞櫻山莊露營區,南投縣,非都市土地/山坡地保育區,農牧用地,營業中,,違反水土保持法,否
南投竹山_橄欖園森林度假民宿,南投縣,非都市土地/山坡地保育區,農牧用地,營業中,待清查,待清查,否
南投竹山_靜竹星空觀景露營區,南投縣,非都市土地/山坡地保育區,農牧用地,營業中,,違反水土保持法,否
南投竹山_霧的羅曼史,南投縣,非都市土地/山坡地保育區,農牧用地,營業中,待清查,待清查,否
"南投信義_170 營地",南投縣,待確認,待確認,營業中,,違反水土保持法,無提供地段號，爰查無資料
南投信義_三目獨戶雅舍,南投縣,非都市土地/森林區,林業用地,無營業,,,
南投信義_大漢山莊,南投縣,都市土地,兒童遊樂場用地,無營業,,,是(私有)
南投信義_山裡面的嵐卡,南投縣,非都市土地/山坡地保育區,林業用地,營業中,待清查,待清查,是(私有)
南投信義_中泰製茶民宿,南投縣,非都市土地/森林區,丙種建築用地,無營業,,,
南投信義_五餅二魚咖啡露營,南投縣,非都市土地/山坡地保育區,農牧用地,營業中,待清查,待清查,是(私有)
南投信義_天時農莊,南投縣,非都市土地/山坡地保育區,農牧用地,營業中,待清查,待清查,是(國有)
南投信義_比撒日灣山中漫城,南投縣,都市土地,保護區,營業中,待清查,待清查,是(國有、設有他項)
"南投信義_卡拉密 S 露營區",南投縣,待確認,待確認,營業中,待清查,待清查,無提供地段號，爰查無資料
南投信義_玉山星空露營區,南投縣,非都市土地/森林區,林業用地,營業中,,違反土地使用管制（信義鄉東埔2鄰）一般管制區農業用地,否
南投信義_甲一仙營地,南投縣,非都市土地/森林區,暫未編定,營業中,待清查,待清查,否
南投信義_石龜梅園,南投縣,非都市土地/森林區,林業用地,無營業,,,
南投信義_吉娜田園露營區,南投縣,非都市土地/一般農業區,農牧用地,營業中,待清查,待清查,是(私有)
南投信義_宇成茶業,南投縣,非都市土地/森林區,暫未編定,無營業,,,
南投信義_住在玉山園,南投縣,都市土地,農業用地,營業中,,違反土地使用管制（信義鄉東埔1鄰）一般管制區農業用地,是(私有)
南投信義_吟玖鄉溫泉別館,南投縣,都市土地,農業區,營業中,待清查,待清查,是(私有)
南投信義_那卡斯營地,南投縣,非都市土地/山坡地保育區,農牧用地,營業中,待清查,待清查,是(國私有、設有他項)
南投信義_法拉娜露營區,南投縣,都市土地,農業區,營業中,待清查,待清查,是(私有)
南投信義_長城高山休閒農莊,南投縣,非都市土地/森林區,林業用地,營業中,待清查,待清查,是(私有)
南投信義_阿里曼山莊,南投縣,非都市土地/森林區,林業用地,營業中,待清查,待清查,是(私有)
南投信義_阿肥的天空農場,南投縣,非都市土地/山坡地保育區,農牧用地,無營業,,,是(私有)
南投信義_阿番露營區,南投縣,非都市土地/森林區,暫未編定,無營業,,,
南投信義_哈好嶺地,南投縣,非都市土地/山坡地保育區,林業用地,營業中,待清查,待清查,是(國有、設有他項)
南投信義_迪仰露營區,南投縣,非都市土地/山坡地保育區,農牧用地,營業中,待清查,待清查,是(私有)
南投信義_恩福溫泉民宿,南投縣,都市土地,農業區,無營業,,,是(國有)
南投信義_烏松崙渡假營,南投縣,非都市土地/森林區,林業用地,無營業,,,
南投信義_張家堡森林梅園,南投縣,非都市土地/森林區,林業用地,營業中,待清查,待清查,否
南投信義_梅王山莊,南投縣,非都市土地/森林區,暫未編定,營業中,待清查,待清查,否
南投信義_都構密思木屋民宿,南投縣,非都市土地/山坡地保育區,農牧用地,營業中,待清查,待清查,是(私有)
南投信義_勞恩布妮的家,南投縣,非都市土地/山坡地保育區,農牧用地,營業中,待清查,待清查,是(私有)
南投信義_森谷漫活,南投縣,非都市土地/山坡地保育區,農牧用地,營業中,待清查,待清查,是(私有)
南投信義_塔古斯戶外營地,南投縣,非都市土地/山坡地保育區,農牧用地,營業中,待清查,待清查,是(國有、設有他項)
南投信義_源頭溫泉民宿,南投縣,都市土地,保護區,營業中,待清查,待清查,是(私有)
南投信義_達洛鞍休閒民宿,南投縣,非都市土地/山坡地保育區,農牧用地,營業中,待清查,待清查,是(私有)
南投信義_漫步八通關莊園,南投縣,都市土地,農業區,無營業,,,是(國有、設有他項)
南投信義_瑪兒屋營地,南投縣,非都市土地/一般農業區,農牧用地,營業中,待清查,待清查,是(私有)
"南投信義_瑪兒莎莎 Mal-Sa Sa 露營區",南投縣,待確認,待確認,營業中,待清查,待清查,無提供地段號，爰查無資料
南投信義_瑪南吾瑪芙露營區,南投縣,非都市土地/山坡地保育區,農牧用地,營業中,待清查,待清查,是(私有)
南投信義_穌斯共營地,南投縣,非都市土地/森林區,林業用地,營業中,待清查,待清查,否
南投信義_龍谷茶業,南投縣,非都市土地/森林區,暫未編定,無營業,,,
南投信義_薩蔓卡露營區,南投縣,非都市土地/山坡地保育區,農牧用地,營業中,待清查,待清查,是(私有)
南投信義_雙龍景觀營地(雙龍橋),南投縣,待確認,待確認,營業中,待清查,待清查,是(國有)
南投南投_牛角坑休閒渡假農場,南投縣,非都市土地/山坡地保育區,農牧用地,營業中,待清查,待清查,否
南投南投_微笑天空景觀露營區,南投縣,非都市土地/山坡地保育區,農牧用地,無營業,,,
南投南投_橫山仙境,南投縣,都市土地,青年活動營區,營業中,"符合水土保持法
符合非都市土地使用管制規則",,否
南投埔里_32森林,南投縣,非都市土地/山坡地保育區,農牧用地,無營業,,,
南投埔里_8508高地露營區,南投縣,非都市土地/山坡地保育區,農牧用地,營業中,,違反水土保持法,否
南投埔里_ToMe桃米生態露營區,南投縣,非都市土地/山坡地保育區,農牧用地,營業中,,違反水土保持法,否
南投埔里_七里山瑭民宿,南投縣,非都市土地/山坡地保育區,農牧用地,營業中,待清查,待清查,否
南投埔里_九丁榕露營區,南投縣,非都市土地/特定農業區,農牧用地,營業中,待清查,待清查,否
南投埔里_二甲Lohas農庄,南投縣,非都市土地/山坡地保育區,農牧用地,營業中,待清查,待清查,否
南投埔里_小西湖露營區,南投縣,非都市土地/山坡地保育區,農牧用地,無營業,,,
南投埔里_山嵐露營農場,南投縣,非都市土地/山坡地保育區,農牧用地,營業中,待清查,待清查,否
南投埔里_中坑瀑布自然生態區,南投縣,待確認,待確認,營業中,待清查,待清查,否
南投埔里_中坑瀑布自然生態區,南投縣,待確認,待確認,營業中,,財政部國有財產署提供占用國有非公用土地之露營場,否
南投埔里_元華露營區,南投縣,非都市土地/森林區,農牧用地,營業中,待清查,待清查,否
南投埔里_水流東露營區,南投縣,非都市土地/山坡地保育區,丙種建築用地,營業中,"符合水土保持法
符合非都市土地使用管制規則",,否
南投埔里_水頭山莊營地,南投縣,非都市土地/特定農業區,農牧用地,營業中,待清查,待清查,否
南投埔里_水墻映月景觀露營區,南投縣,非都市土地/山坡地保育區,農牧用地,營業中,待清查,待清查,否
南投埔里_外寓民宿露營區,南投縣,非都市土地/山坡地保育區,農牧用地,營業中,待清查,待清查,否
南投埔里_江山樂活休閒農場,南投縣,非都市土地/山坡地保育區,農牧用地,營業中,待清查,待清查,否
南投埔里_那也印地安部落,南投縣,非都市土地/山坡地保育區,農牧用地,營業中,,違反水土保持法,否
南投埔里_松香雅筑,南投縣,非都市土地/特定農業區,農牧用地,營業中,待清查,待清查,否
南投埔里_玫花露,南投縣,非都市土地/山坡地保育區,農牧用地,營業中,,違反水土保持法,否
南投埔里_虎嘯山莊,南投縣,非都市土地/森林區,國土保安用地,營業中,,違反森林法,否
南投埔里_阿蓮娜多肉植物主題花園,南投縣,非都市土地/特定農業區,農牧用地,營業中,待清查,待清查,否
南投埔里_青青農場親子露營區,南投縣,待確認,待確認,營業中,待清查,待清查,無提供地段號，爰查無資料
南投埔里_哈里露露營地,南投縣,非都市土地/山坡地保育區,農牧用地,營業中,,違反水土保持法,否
南投埔里_咿喲ㄟ故鄉,南投縣,非都市土地/山坡地保育區,農牧用地,營業中,待清查,待清查,否
南投埔里_珊林露營區,南投縣,非都市土地/山坡地保育區,林業用地,無營業,,,
南投埔里_桂花庭藝術生態營地,南投縣,非都市土地/特定農業區,農牧用地,營業中,待清查,待清查,否
南投埔里_桃米山生態露營區,南投縣,非都市土地/山坡地保育區,農牧用地,營業中,,違反水土保持法,否
南投埔里_桃米香露營區,南投縣,非都市土地/山坡地保育區,農牧用地,營業中,待清查,待清查,否
南投埔里_桃米愛玩客營地,南投縣,非都市土地/山坡地保育區,農牧用地,營業中,待清查,待清查,否
南投埔里_草湳濕地農場,南投縣,非都市土地/山坡地保育區,水利用地,營業中,待清查,待清查,否
南投埔里_茶吾此露,南投縣,非都市土地/山坡地保育區,農牧用地,營業中,,"違反區域計畫法
違反水土保持法",否
南投埔里_悠哉營露營區,南投縣,非都市土地/山坡地保育區,農牧用地,無營業,,,
南投埔里_喜悅渡假山莊,南投縣,非都市土地/特定農業區,甲種建築用地,無營業,,,
南投埔里_森林蜂味露營區,南投縣,非都市土地/山坡地保育區,農牧用地,營業中,,違反水土保持法,否
南投埔里_湯尼瑪麗露營區,南投縣,非都市土地/山坡地保育區,農牧用地,營業中,,"違反區域計畫法
違反水土保持法",否
南投埔里_蛙揪愛露營,南投縣,非都市土地/山坡地保育區,農牧用地,營業中,,"違反區域計畫法
違反水土保持法",否
南投埔里_雲風箏自然手感露營農場,南投縣,非都市土地/山坡地保育區,農牧用地,營業中,待清查,待清查,否
南投埔里_雲風箏自然手感露營農場,南投縣,非都市土地/山坡地保育區,農牧用地,營業中,待清查,待清查,否
南投埔里_黃金雨露營區,南投縣,待確認,待確認,營業中,待清查,待清查,無提供地段號，爰查無資料
南投埔里_農家樂露營區,南投縣,非都市土地/山坡地保育區,農牧用地,營業中,待清查,待清查,否
南投埔里_遇見東平莊?,南投縣,非都市土地/山坡地保育區,農牧用地,營業中,,違反水土保持法,否
南投埔里_滴水山莊露營區,南投縣,非都市土地/山坡地保育區,暫未編定,營業中,,財政部國有財產署提供占用國有非公用土地之露營場,否
南投埔里_福長果園露營區,南投縣,非都市土地/一般農業區,農牧用地,營業中,待清查,待清查,否
南投埔里_綠野森林農場,南投縣,待確認,待確認,營業中,待清查,待清查,無提供地段號，爰查無資料
南投埔里_嫻安軒觀星民宿,南投縣,非都市土地/山坡地保育區,農牧用地,營業中,,"違反區域計畫法
違反水土保持法",否
南投埔里_廣成宋爸農場,南投縣,非都市土地/山坡地保育區,農牧用地,營業中,,違反水土保持法,否
南投埔里_暮雲春樹露營區,南投縣,非都市土地/山坡地保育區,農牧用地,營業中,,"違反區域計畫法
違反水土保持法",否
南投埔里_樂活森林農場,南投縣,非都市土地/森林區,林業用地,營業中,,違反水土保持法,否
南投埔里_樹榮森林農場露營區,南投縣,非都市土地/一般農業區,農牧用地,無營業,,,
南投埔里_龍坑農場親子露營區,南投縣,非都市土地/一般農業區,農牧用地,營業中,,違反水土保持法,否
南投埔里_龍泉營地,南投縣,非都市土地/山坡地保育區,暫未編定,營業中,,違反水土保持法,否
南投埔里_龍泉營地,南投縣,非都市土地/山坡地保育區,暫未編定,營業中,,違反水土保持法,否
南投埔里_賽德克公主之熊本部親子露營區,南投縣,非都市土地/風景區,暫未編定,營業中,待清查,待清查,否
南投埔里_雙吉松園,南投縣,非都市土地/特定農業區,農牧用地,無營業,,,
南投埔里_顏氏牧場,南投縣,待確認,待確認,營業中,待清查,待清查,無提供地段號，爰查無資料
南投埔里_露逸仕營區,南投縣,待確認,待確認,營業中,待清查,待清查,無提供地段號，爰查無資料
南投埔里_聽瀑營地,南投縣,非都市土地/山坡地保育區,農牧用地,營業中,待清查,待清查,否
南投草屯_七口灶休閒農場,南投縣,非都市土地/山坡地保育區,農牧用地,營業中,符合休閒農業輔導管理辦法,,否
南投草屯_三乘山露營區,南投縣,非都市土地/山坡地保育區,農牧用地,營業中,待清查,待清查,否
南投草屯_大衛營露營農場,南投縣,都市土地,農業區,營業中,待清查,待清查,否
南投草屯_山上的茶樹,南投縣,非都市土地/山坡地保育區,農牧用地,營業中,待清查,待清查,否
南投草屯_山茶瀑布露營區,南投縣,待確認,待確認,營業中,待清查,待清查,無提供地段號，爰查無資料
南投草屯_幾米泉露營山莊,南投縣,非都市土地/山坡地保育區,農牧用地,營業中,待清查,待清查,否
南投草屯_黃金綠葉庭園餐廳,南投縣,都市土地,農業區,營業中,待清查,待清查,否
南投草屯_樹寄屋籬景觀民宿,南投縣,非都市土地/山坡地保育區,農牧用地,營業中,,違反水土保持法,否
南投國姓_九號森霖露營區,南投縣,非都市土地/特定農業區,交通用地,營業中,待清查,待清查,否
南投國姓_千甲農莊香草叢林,南投縣,非都市土地/山坡地保育區,農牧用地,營業中,待清查,待清查,否
南投國姓_小野柳滑草場休閒村莊,南投縣,非都市土地/山坡地保育區,農牧用地,營業中,,違反水土保持法,否
南投國姓_山水園露營農莊,南投縣,非都市土地/山坡地保育區,農牧用地,營業中,待清查,待清查,否
南投國姓_山海觀渡假村,南投縣,非都市土地/山坡地保育區,農牧用地,無營業,,,
南投國姓_木子庭園露營區,南投縣,非都市土地/特定農業區,甲種建築用地,無營業,,,
南投國姓_水中月民宿咖啡露營區,南投縣,非都市土地/特定農業區,甲種建築用地,營業中,,違反水土保持法,否
南投國姓_水秀農場露營區,南投縣,非都市土地/特定農業區,農牧用地,營業中,,違反水土保持法,否
南投國姓_水岸松林農場,南投縣,非都市土地/山坡地保育區,農牧用地,營業中,,違反水土保持法,否
南投國姓_仙徠山莊,南投縣,非都市土地/山坡地保育區,農牧用地,營業中,,違反水土保持法,否
南投國姓_北山露營農場,南投縣,非都市土地/山坡地保育區,農牧用地,營業中,,違反水土保持法,否
南投國姓_北港溪沙八渡假村,南投縣,非都市土地/山坡地保育區,養殖用地,營業中,待清查,待清查,否
南投國姓_打煎山館,南投縣,非都市土地/山坡地保育區,交通用地,無營業,,,
南投國姓_玉門關山莊,南投縣,非都市土地/山坡地保育區,林業用地,無營業,,,
南投國姓_石竹莊,南投縣,非都市土地/山坡地保育區,農牧用地,營業中,,違反水土保持法,否
南投國姓_石泉農場,南投縣,非都市土地/特定農業區,農牧用地,營業中,,違反水土保持法,否
南投國姓_地球村農家民宿,南投縣,非都市土地/山坡地保育區,農牧用地,營業中,"符合休閒農業輔導管理辦法
符合水土保持法",,否
南投國姓_地球村農家民宿,南投縣,非都市土地/山坡地保育區,農牧用地,營業中,待清查,待清查,否
南投國姓_百勝村咖啡莊園,南投縣,非都市土地/山坡地保育區,農牧用地,營業中,待清查,待清查,否
南投國姓_伽耶心齋露營區,南投縣,非都市土地/山坡地保育區,農牧用地,無營業,,,
南投國姓_沐光山居,南投縣,非都市土地/山坡地保育區,水利用地,營業中,,財政部國有財產署提供占用國有非公用土地之露營場,否
南投國姓_金青松露營區,南投縣,非都市土地/山坡地保育區,水利用地,營業中,待清查,待清查,否
南投國姓_長豐休閒露營區,南投縣,非都市土地/山坡地保育區,農牧用地,營業中,,違反水土保持法,否
南投國姓_星星的故鄉,南投縣,非都市土地/山坡地保育區,農牧用地,無營業,,,
南投國姓_泰雅渡假村,南投縣,非都市土地/森林區,農牧用地,營業中,第一、二波公告,,否
南投國姓_浚晟茶葉農場,南投縣,非都市土地/山坡地保育區,農牧用地,營業中,,違反水土保持法,否
南投國姓_神仙島露營區,南投縣,非都市土地/山坡地保育區,養殖用地,營業中,,財政部國有財產署提供占用國有非公用土地之露營場,否
南投國姓_高峰農場,南投縣,非都市土地/山坡地保育區,農牧用地,營業中,,違反水土保持法,否
南投國姓_晨曦悠活露營區,南投縣,待確認,待確認,營業中,待清查,待清查,否
南投國姓_梅之林休閒渡假山莊,南投縣,非都市土地/山坡地保育區,農牧用地,營業中,待清查,待清查,否
南投國姓_梅庄休閒渡假中心,南投縣,非都市土地/特定農業區,農牧用地,營業中,待清查,待清查,否
南投國姓_覓境露營x行者咖啡,南投縣,非都市土地/山坡地保育區,農牧用地,營業中,,違反水土保持法,否
南投國姓_連興露營區,南投縣,非都市土地/森林區,林業用地,營業中,,違反水土保持法,否
南投國姓_喬園渡假山莊,南投縣,非都市土地/山坡地保育區,農牧用地,營業中,待清查,待清查,否
南投國姓_港寮枝179景觀農場,南投縣,非都市土地/山坡地保育區,農牧用地,營業中,,違反水土保持法,否
南投國姓_逸和園生機露營生態民宿,南投縣,非都市土地/特定農業區,農牧用地,營業中,待清查,待清查,否
南投國姓_雲出岫民宿,南投縣,非都市土地/山坡地保育區,農牧用地,無營業,,,
南投國姓_黃金森林露營區,南投縣,非都市土地/山坡地保育區,農牧用地,營業中,,違反水土保持法,否
南投國姓_新月生態農場,南投縣,非都市土地/特定農業區,農牧用地,營業中,待清查,待清查,否
南投國姓_祿鹿生態農場露營區,南投縣,非都市土地/山坡地保育區,農牧用地,營業中,,違反水土保持法,否
南投國姓_滾石部落,南投縣,待確認,待確認,營業中,待清查,待清查,否
南投國姓_漾嵐山庄,南投縣,非都市土地/特定農業區,農牧用地,營業中,,違反水土保持法,否
南投國姓_羅氏後花園,南投縣,非都市土地/山坡地保育區,農牧用地,營業中,待清查,待清查,否
南投國姓_糯米橋時尚露營會館,南投縣,非都市土地/特定農業區,農牧用地,營業中,待清查,待清查,否
南投魚池_入森林露森林,南投縣,非都市土地/山坡地保育區,農牧用地,營業中,,違反水土保持法,否
南投魚池_三育基督學院,南投縣,都市土地,文教區,營業中,待清查,待清查,否
南投魚池_小魚悠遊休閒營地,南投縣,非都市土地/森林區,林業用地,營業中,,違反森林法或休閒農業輔導管理辦法,否
南投魚池_山福情森露營區,南投縣,非都市土地/森林區,農牧用地,營業中,,違反水土保持法,否
南投魚池_天香台閣露營區,南投縣,待確認,待確認,營業中,待清查,待清查,無提供地段號，爰查無資料
南投魚池_日月山莊休閒農場,南投縣,都市土地,農業區,營業中,待清查,待清查,否
南投魚池_日月松林營地,南投縣,待確認,待確認,營業中,待清查,待清查,否
南投魚池_日月星辰露營區,南投縣,非都市土地/山坡地保育區,農牧用地,無營業,,,
南投魚池_日月彩虹露營區,南投縣,非都市土地/特定農業區,農牧用地,無營業,,,
南投魚池_日月精靈18號王國,南投縣,都市土地,特別保護區,無營業,,,
南投魚池_日月潭九蛙秘境露營區,南投縣,都市土地,保護區,營業中,待清查,待清查,否
南投魚池_日月潭斗內籽,南投縣,都市土地,保護區,營業中,待清查,待清查,否
南投魚池_日月潭特色遊學中心,南投縣,非都市土地/山坡地保育區,特定目的事業用地,營業中,"符合水土保持法
依交通部觀光局100.3.3觀技字第1000004802號函核准作頭社武登地區自然生態教育研習中心使用",,否
南投魚池_日月潭愛玩客營地,南投縣,非都市土地/森林區,國土保安用地,無營業,,,
南投魚池_日月潭夢想親子露營區,南投縣,非都市土地/特定農業區,農牧用地,營業中,待清查,待清查,否
南投魚池_日月潭蕃茄農場,南投縣,待確認,待確認,無營業,,,
南投魚池_仙聞露營區,南投縣,非都市土地/森林區,農牧用地,營業中,待清查,待清查,否
南投魚池_四心小草露營區,南投縣,非都市土地/森林區,農牧用地,營業中,待清查,待清查,否
南投魚池_田螺屋清新露營區,南投縣,非都市土地/山坡地保育區,農牧用地,營業中,待清查,待清查,否
南投魚池_印地安庭園露營區,南投縣,都市土地,農業區,營業中,待清查,待清查,否
南投魚池_合興休閒營區,南投縣,非都市土地/森林區,農牧用地,營業中,待清查,待清查,否
南投魚池_灰熊愛露營,南投縣,非都市土地/山坡地保育區,農牧用地,營業中,待清查,待清查,否
南投魚池_居大雁,南投縣,非都市土地/山坡地保育區,農牧用地,營業中,待清查,待清查,否
南投魚池_幸福城堡露營區,南投縣,非都市土地/山坡地保育區,農牧用地,營業中,待清查,待清查,否
南投魚池_拂水山莊,南投縣,非都市土地/山坡地保育區,農牧用地,營業中,待清查,待清查,否
南投魚池_青綠園露營區,南投縣,待確認,待確認,營業中,,違反水土保持法,否
南投魚池_青螢露營區,南投縣,非都市土地/山坡地保育區,農牧用地,營業中,,違反水土保持法,否
南投魚池_威廉莊園露營區,南投縣,非都市土地/山坡地保育區,農牧用地,營業中,待清查,待清查,否
南投魚池_星野小路營區wildstarcamp,南投縣,非都市土地/特定農業區,農牧用地,營業中,,違反水土保持法,否
南投魚池_活盆地觀景民宿,南投縣,非都市土地/山坡地保育區,林業用地,營業中,待清查,待清查,否
南投魚池_香菇寮小吃露營,南投縣,非都市土地/森林區,農牧用地,營業中,待清查,待清查,否
南投魚池_茶中山谷露營區,南投縣,非都市土地/山坡地保育區,農牧用地,營業中,,違反水土保持法,否
南投魚池_唯樂露營區,南投縣,非都市土地/山坡地保育區,農牧用地,營業中,,違反水土保持法,否
南投魚池_梢楠園,南投縣,非都市土地/森林區,農牧用地,營業中,待清查,待清查,否
南投魚池_涵香園露營驛站,南投縣,非都市土地/山坡地保育區,農牧用地,營業中,待清查,待清查,否
南投魚池_畢瓦客,南投縣,都市土地,特別保護區,營業中,待清查,待清查,否
南投魚池_魚雅筑渡假村,南投縣,非都市土地/森林區,農牧用地,營業中,待清查,待清查,否
南投魚池_森春自在,南投縣,非都市土地/特定農業區,農牧用地,營業中,待清查,待清查,否
南投魚池_紫竹山莊休閒露營區,南投縣,非都市土地/森林區,農牧用地,營業中,待清查,待清查,否
南投魚池_聖多羅森林素食露營區,南投縣,非都市土地/山坡地保育區,農牧用地,營業中,待清查,待清查,否
南投魚池_聖愛營地,南投縣,都市土地,特別保護區,營業中,待清查,待清查,否
南投魚池_翠林農場,南投縣,非都市土地/山坡地保育區,農牧用地,營業中,待清查,待清查,否
南投魚池_翠巒山莊,南投縣,非都市土地/山坡地保育區,林業用地,無營業,,,
南投魚池_親手窯茶莊營地,南投縣,非都市土地/山坡地保育區,農牧用地,營業中,待清查,待清查,否
南投魚池_靜心露營站,南投縣,待確認,待確認,營業中,待清查,待清查,否
南投魚池_頭社水庫露營區,南投縣,非都市土地/山坡地保育區,暫未編定,營業中,,違反水土保持法,否
南投魚池_頭社後尖山休閒營地,南投縣,非都市土地/鄉村區,遊憩用地,營業中,,違反水土保持法,否
南投魚池_龍之泉休閒露營區,南投縣,非都市土地/山坡地保育區,農牧用地,營業中,待清查,待清查,否
南投鹿谷_一陽露營區,南投縣,非都市土地/森林區,農牧用地,營業中,,違反水土保持法,否
南投鹿谷_小半天休閒露營園區,南投縣,非都市土地/一般農業區,農牧用地,營業中,待清查,待清查,否
南投鹿谷_小半天後花園自然生態園區,南投縣,非都市土地/山坡地保育區,農牧用地,營業中,待清查,待清查,否
南投鹿谷_小樟園營地,南投縣,都市土地,農業區,營業中,待清查,待清查,否
南投鹿谷_山逸園,南投縣,非都市土地/山坡地保育區,丙種建築用地,無營業,,,否
南投鹿谷_文景農場,南投縣,非都市土地/森林區,農牧用地,營業中,待清查,待清查,否
南投鹿谷_世外陶莊,南投縣,非都市土地/山坡地保育區,國土保安用地,營業中,待清查,待清查,否
南投鹿谷_永恆星空露營區,南投縣,非都市土地/森林區,農牧用地,無營業,,,
南投鹿谷_石盤阬露營區,南投縣,非都市土地/森林區,暫未編定,營業中,待清查,待清查,否
南投鹿谷_老三ㄟ厝露營區,南投縣,非都市土地/山坡地保育區,農牧用地,無營業,,,
南投鹿谷_宏億茶廠,南投縣,待確認,待確認,無營業,,,
南投鹿谷_杉雲農場,南投縣,非都市土地/森林區,農牧用地,無營業,,,
南投鹿谷_和興露營區,南投縣,非都市土地/森林區,林業用地,營業中,待清查,待清查,否
南投鹿谷_明谷山莊,南投縣,非都市土地/山坡地保育區,林業用地,營業中,待清查,待清查,否
南投鹿谷_東湖露營區,南投縣,都市土地,公園用地,營業中,待清查,待清查,否
南投鹿谷_波斯園露營區,南投縣,都市土地,公園用地,營業中,待清查,待清查,否
南投鹿谷_柳畔露營區,南投縣,都市土地,公園用地,無營業,,,
南投鹿谷_皇成農場露營區,南投縣,非都市土地/森林區,農牧用地,營業中,待清查,待清查,否
南投鹿谷_凍頂山露營農場,南投縣,都市土地,示範茶園區,營業中,待清查,待清查,否
南投鹿谷_桂香園露營區,南投縣,都市土地,農業區,營業中,待清查,待清查,否
南投鹿谷_湖畔露營區,南投縣,都市土地,公園用地,無營業,,,
南投鹿谷_溪頭老爺山莊,南投縣,都市土地,農業區,營業中,待清查,待清查,否
南投鹿谷_溪頭露營區,南投縣,都市土地,廣場用地,無營業,,,
南投鹿谷_綠光之愛室內露營區,南投縣,非都市土地/一般農業區,農牧用地,營業中,待清查,待清查,否
南投鹿谷_鳳凰渡假山莊,南投縣,非都市土地/山坡地保育區,農牧用地,營業中,待清查,待清查,否
南投鹿谷_鳳凰露營區,南投縣,都市土地,農業區,營業中,待清查,待清查,否
南投鹿谷_錦屏之窗,南投縣,都市土地,農業區,營業中,待清查,待清查,否
南投鹿谷_露?山曉露營區,南投縣,非都市土地/山坡地保育區,農牧用地,營業中,待清查,待清查,否
南投集集_十三目仔窯露營區,南投縣,都市土地,道路用地,無營業,,,
南投集集_麥凡諾休閒住宿露營農場,南投縣,非都市土地/山坡地保育區,農牧用地,營業中,待清查,待清查,否
南投集集_集水農場,南投縣,非都市土地/山坡地保育區,農牧用地,無營業,,,
森十八休閒農場,南投縣,,,待確認,,,
森十八休閒農場,南投縣,,,營業中,符合休閒農業輔導管理辦法,,
雲峯景觀莊園-中寮鄉清水村瀧林巷３５－１３號,南投縣,,,待確認,具有稅籍登記,,
溪南國小,南投縣,,,營業中,第一、二波公告,,
漢光樓-南投縣鹿谷鄉內湖村森林巷12號,南投縣,,,待確認,具有稅籍登記,,
蟬說雅築有限公司-信義鄉東埔村開高巷３０號,南投縣,,,待確認,具有稅籍登記,,
1.陽光綠堤休閒農場(屏東縣內埔鄉三和路305巷16-1號),屏東縣,,,營業中,合法申請使用國有非公用土地,,
"2.恆春化石工作站- 屏東縣車城鄉後灣路下水堀265-3號",屏東縣,,,營業中,,違反國家公園土地使用管制,
4.廢棄露營區(屏東縣滿州鄉八瑤路附近),屏東縣,,,營業中,,財政部國有財產署提供占用國有非公用土地之露營場,
"6.伊亞渡假民宿(露營車)- 屏東縣恆春鎮樹林路151號",屏東縣,,,營業中,,違反國家公園土地使用管制,
"7.白沙露營區(快樂白沙北側)- 無門牌",屏東縣,,,營業中,,違反國家公園土地使用管制,
"8.藍白潛水渡假中心- 屏東縣恆春鎮南光路11號",屏東縣,,,營業中,,違反國家公園土地使用管制,
士嫻休閒農場,屏東縣,,,營業中,符合休閒農業輔導管理辦法,,
長榮百合國小露營場,屏東縣,,,營業中,第一、二波公告,,
青葉國小露營場,屏東縣,,,營業中,第一、二波公告,,
"屏東三地門_綠野仙蹤露營區 (往營地叉路口)",屏東縣,非都市土地/風景區,農牧用地,營業中,待清查,待清查,是
屏東三地門_德文獵人學校民宿露營區,屏東縣,非都市土地/山坡地保育區,林業用地,營業中,符合，三地門鄉公所委外經營,,是
屏東三地門_龍豪咖啡莊園,屏東縣,非都市土地/山坡地保育區,丙種建築用地,營業中,依露營場管理要點-判別符合土地使用管制之露營場參考流程圖，符合土地管制,,是
屏東三地門_賽嘉營地,屏東縣,非都市土地/山坡地保育區,特定目的事業用地(茂管處),營業中,符合(茂管處委外經營),,是
"屏東牡丹_kikiu 草園綠地露營區",屏東縣,非都市土地/山坡地保育區,特定事業目的用地,營業中,待清查,待清查,是
"屏東牡丹_LB 舞浪園露營區",屏東縣,非都市土地/山坡地保育區,林業用地,營業中,,違反區域計畫法/非都市土地使用管制規則,是
"屏東牡丹_MaNa 露營區",屏東縣,非都市土地/山坡地保育區,農牧用地,營業中,待清查,待清查,是
屏東牡丹_九大露營區,屏東縣,非都市土地/山坡地保育區,農牧用地,營業中,,違反區域計畫法/非都市土地使用管制規則,是
屏東牡丹_大梅親水休閒農莊,屏東縣,非都市土地/山坡地保育區,農牧用地,營業中,,違反區域計畫法/非都市土地使用管制規則,是
屏東牡丹_左岸民宿露營區,屏東縣,非都市土地/山坡地保育區,農牧用地,營業中,,違反區域計畫法/非都市土地使用管制規則,是
屏東牡丹_旭海路口旅遊休閒站,屏東縣,非都市土地/山坡地保育區,農牧用地,營業中,待清查,待清查,是
屏東牡丹_君伯園露營區,屏東縣,非都市土地/山坡地保育區,農牧用地,營業中,,違反區域計畫法/非都市土地使用管制規則,是
屏東牡丹_佳德谷原住民植物生活教育園區,屏東縣,非都市土地/山坡地保育區,農牧用地,營業中,待清查,待清查,是
屏東牡丹_河畔露營區,屏東縣,未登記土地,待確認,待確認,,,是
屏東牡丹_華園民宿露營區,屏東縣,非都市土地/山坡地保育區,農牧用地,營業中,待清查,待清查,是
屏東牡丹_華園鄉村民宿露營區,屏東縣,非都市土地/山坡地保育區,農牧用地,營業中,,違反區域計畫法/非都市土地使用管制規則,是
屏東牡丹_頭目之家露營區,屏東縣,非都市土地/山坡地保育區,農牧用地,營業中,待清查,待清查,是
"屏東牡丹_鐵線橋 LUGU 農場",屏東縣,非都市土地/山坡地保育區,農牧用地,營業中,待清查,待清查,是
屏東車城_安佳春生態休閒農莊,屏東縣,非都市土地/國家公園區,一般管制區農業用地、林業用地,營業中,,"內政部營建署提供違反合國家公園法設置之露營場
財政部國有財產署提供占用國有非公用土地之露營場",否
屏東車城_保力林場,屏東縣,非都市土地/森林區,農牧用地,營業中,財政部國有財產署提供合法申請使用國有非公用土地,,否
屏東車城_悠客驛境露營區,屏東縣,非都市土地/山坡地保育區,農牧用地,營業中,,違反區域計畫法/非都市土地使用管制規則,否
屏東來義_嘉後休閒農園,屏東縣,非都市土地/山坡地保育區,農牧用地,營業中,待清查,待清查,是
屏東枋山_南方驛站小希臘,屏東縣,非都市土地/一般農業區,特定目的事業用地,營業中,,違反區域計畫法/非都市土地使用管制規則,否
屏東枋山_海豚茉莉灣海景露營區,屏東縣,非都市土地/一般農業區,特定目的事業用地,營業中,待清查,待清查,否
屏東枋山_傻瓜天堂海景咖啡,屏東縣,非都市土地/一般農業區,農牧用地,營業中,,違反區域計畫法/非都市土地使用管制規則,否
屏東枋寮_僑德國小,屏東縣,,僑德國小,無營業,,,
屏東東港_大鵬灣青洲濱海遊憩區,屏東縣,都市土地,濱海遊憩區(鵬管處),營業中,都市計畫法,,
屏東恆春_大尖山原野露營區,屏東縣,非都市土地/國家公園區,一般管制區農業用地,營業中,,內政部營建署提供違反合國家公園法設置之露營場,否
屏東恆春_大圓山露營區,屏東縣,非都市土地/國家公園區,特別景觀區,營業中,,"內政部營建署提供違反合國家公園法設置之露營場
財政部國有財產署提供占用國有非公用土地之露營場",否
屏東恆春_六福山莊,屏東縣,非都市土地/國家公園區,一般管制區農業用地,營業中,,內政部營建署提供違反合國家公園法設置之露營場,否
屏東恆春_尼莫庭園民宿,屏東縣,非都市土地/國家公園區,一般管制區農業用地,無營業,,,
屏東恆春_巨石咖啡民宿,屏東縣,非都市土地/國家公園區,特別景觀區,營業中,,內政部營建署提供違反合國家公園法設置之露營場,否
屏東恆春_白砂露營區,屏東縣,非都市土地/國家公園區,特別景觀區,無營業,,,
屏東恆春_石牛溪農場,屏東縣,非都市土地/國家公園區,一般管制區農業用地,營業中,,違反國家公園法,否
屏東恆春_君臨農場,屏東縣,非都市土地/國家公園區,一般管制區農業用地,營業中,,內政部營建署提供違反合國家公園法設置之露營場,否
屏東恆春_沙島露營區,屏東縣,非都市土地/國家公園區,一般管制區農業用地,營業中,,內政部營建署提供違反合國家公園法設置之露營場,否
屏東恆春_阿信巧克力農場,屏東縣,非都市土地/國家公園區,農業用地,營業中,,內政部營建署提供違反合國家公園法設置之露營場,否
屏東恆春_青山露營區,屏東縣,非都市土地/國家公園區,一般管制區農業用地,營業中,,內政部營建署提供違反合國家公園法設置之露營場,否
屏東恆春_紅柴水鄉,屏東縣,非都市土地/國家公園區,特別景觀區,營業中,,內政部營建署提供違反合國家公園法設置之露營場,否
屏東恆春_美貓仔坑休閒露營區,屏東縣,非都市土地/山坡地保育區,農牧用地,營業中,待清查,待清查,否
屏東恆春_面海露營區,屏東縣,非都市土地/國家公園區,特別景觀區,營業中,,內政部營建署提供違反合國家公園法設置之露營場,否
屏東恆春_原始林露營區,屏東縣,非都市土地/國家公園區,一般管制區農業用地,營業中,,違反國家公園法,否
屏東恆春_根源農場民宿,屏東縣,非都市土地/一般農業區,農牧用地,營業中,符合休閒農業輔導管理辦法,,否
屏東恆春_海山露營區,屏東縣,非都市土地/國家公園區,一般管制區農業用地,營業中,,內政部營建署提供違反合國家公園法設置之露營場,否
"屏東恆春_海潮潛水民宿露營區
(原名：鯊客潛水民宿露營區)",屏東縣,非都市土地/國家公園區,一般管制區農業用地,營業中,,內政部營建署提供違反合國家公園法設置之露營場,否
屏東恆春_清涼露營區,屏東縣,非都市土地/國家公園區,一般管制區農業用地,營業中,,內政部營建署提供違反合國家公園法設置之露營場,否
屏東恆春_最南點露營區,屏東縣,非都市土地/國家公園區,遊憩區露營用地,營業中,符合(墾管處委外經營),,否
屏東恆春_關山農場,屏東縣,非都市土地/國家公園區,一般管制區農業用地,營業中,待清查,待清查,否
屏東春日_士文自然農場,屏東縣,非都市土地/山坡地保育區,林業用地,營業中,,違反森林法或休閒農業輔導管理辦法,是
屏東春日_大漢山休閒農場,屏東縣,非都市土地/山坡地保育區,林業用地,營業中,,違反森林法或休閒農業輔導管理辦法,是
屏東泰武_大武山農場民宿,屏東縣,非都市土地/山坡地保育區,農牧用地,營業中,,違反森林法或休閒農業輔導管理辦法,是
屏東泰武_哈雷有機咖啡農園,屏東縣,非都市土地/山坡地保育區,農牧用地,營業中,待清查,待清查,是
屏東泰武_桐花戀露營區,屏東縣,非都市土地/山坡地保育區,農牧用地,營業中,待清查,待清查,是
屏東琉球_沙瑪基渡假區,屏東縣,都市土地,海景休閒渡假區(鵬管處),營業中,都市計畫法,,否
屏東高樹_大山露營農場,屏東縣,非都市土地/一般農業區,農牧用地,營業中,待清查,待清查,否
屏東高樹_大路觀主題樂園,屏東縣,非都市土地/特定專用區,遊憩用地,營業中,依露營場管理要點-判別符合土地使用管制之露營場參考流程圖，符合土地管制,,否
屏東高樹_松秀雅筑,屏東縣,非都市土地/山坡地保育區,農牧用地,營業中,待清查,待清查,否
屏東高樹_綠野遊蹤民宿露營區,屏東縣,非都市土地/一般農業區,農牧用地,營業中,待清查,待清查,否
屏東新埤_近心永續生活農園,屏東縣,非都市土地/一般農業區,農牧用地,營業中,待清查,待清查,待查
屏東新埤_獅頭庄水農場,屏東縣,非都市土地/一般農業區,農牧用地,營業中,待清查,待清查,待查
"屏東獅子_粑鳩璐農場 (伊屯部落牌樓)",屏東縣,非都市土地/山坡地保育區,丙種建築用地,營業中,依露營場管理要點-判別符合土地使用管制之露營場參考流程圖，符合土地管制,,是
屏東萬巒_山腳喫茶,屏東縣,非都市土地/特定農業區,農牧用地,營業中,待清查,待清查,否
屏東萬巒_和華園露營趣,屏東縣,非都市土地/一般農業區,農牧用地,營業中,符合，依休閒農業輔導管理辦法申請露營設施容許在案,,否
屏東萬巒_夢露露營空間,屏東縣,非都市土地/一般農業區,農牧用地,營業中,待清查,待清查,否
屏東萬巒_穎達農場,屏東縣,非都市土地/一般農業區,,營業中,符合，目前正依休閒農業輔導管理辦法辦理經營計畫書變更新增露營設施,,否
屏東萬巒_穎達農場,屏東縣,非都市土地/一般農業區,農牧用地,營業中,,違反森林法或休閒農業輔導管理辦法,否
屏東萬巒_諾亞方舟生態園區,屏東縣,非都市土地/一般農業區,農牧用地,營業中,待清查,待清查,否
屏東萬巒_櫻花渡假村,屏東縣,非都市土地/一般農業區,農牧用地,營業中,待清查,待清查,否
"屏東滿州_WaDa 野居露營區",屏東縣,非都市土地/國家公園區,生態保護區,營業中,,內政部營建署提供違反合國家公園法設置之露營場,是
屏東滿州_一場夢農場露營區,屏東縣,非都市土地/國家公園區,一般管制區農業用地,營業中,,內政部營建署提供違反合國家公園法設置之露營場,是
屏東滿州_小森園,屏東縣,非都市土地/國家公園區,一般管制區農業用地,營業中,,內政部營建署提供違反合國家公園法設置之露營場,是
屏東滿州_偷晴露營區,屏東縣,非都市土地/山坡地保育區,林業用地,營業中,待清查,待清查,是
"屏東滿州_鄉夏 Life 背包露營區",屏東縣,非都市土地/山坡地保育區,農牧用地,營業中,待清查,待清查,是
屏東滿州_碧連天農場,屏東縣,非都市土地/山坡地保育區,農牧用地,營業中,,違反區域計畫法/非都市土地使用管制規則,是
屏東滿州_蒙馬羅露營農莊,屏東縣,非都市土地/國家公園區,一般管制區農業用地,營業中,,內政部營建署提供違反合國家公園法設置之露營場,是
屏東滿州_欖仁河堤休閒農莊,屏東縣,非都市土地/國家公園區,一般管制區農業用地,營業中,,內政部營建署提供違反合國家公園法設置之露營場,是
屏東瑪家_丁爸花媽露營區,屏東縣,非都市土地/山坡地保育區,農牧用地,營業中,待清查,待清查,是
屏東瑪家_卡拉達然露營區,屏東縣,非都市土地/山坡地保育區,農牧用地,營業中,待清查,待清查,是
屏東瑪家_石板屋露營區,屏東縣,非都市土地/山坡地保育區,農牧用地,營業中,符合休閒農業輔導管理辦法,,是
屏東瑪家_桃花園,屏東縣,非都市土地/山坡地保育區,林業用地,營業中,,違反區域計畫法/非都市土地使用管制規則,是
屏東瑪家_涼山露營區,屏東縣,非都市土地/山坡地保育區,特定目的事業用地,營業中,符合(茂管處委外經營),,是
屏東瑪家_獵人驛站,屏東縣,非都市土地/山坡地保育區,農牧用地,營業中,待清查,待清查,是
"屏東潮州_8 大森林樂園",屏東縣,非都市土地/一般農業區,農牧用地,營業中,待清查,待清查,否
屏東潮州_明心佛堂,屏東縣,非都市土地/一般農業區,遊憩用地,營業中,依露營場管理要點-判別符合土地使用管制之露營場參考流程圖，符合土地管制,,否
屏東霧台_神山山莊,屏東縣,非都市土地/山坡地保育區,林業用地,營業中,待清查,待清查,是
屏東霧台_神山冒煙屋,屏東縣,非都市土地/山坡地保育區,農牧用地,營業中,,違反區域計畫法/非都市土地使用管制規則,是
屏東霧台_霧台山莊,屏東縣,非都市土地/山坡地保育區,農牧用地,營業中,待清查,待清查,是
屏東麟洛_柚園生態農場,屏東縣,非都市土地/一般農業區,農牧用地,營業中,,違反森林法或休閒農業輔導管理辦法,否
泰武國小佳興分校露營場,屏東縣,,,營業中,第一、二波公告,,
新豐國小露營場,屏東縣,,,營業中,第一、二波公告,,
優生美地休閒農場,屏東縣,,,營業中,符合休閒農業輔導管理辦法,,
賽嘉國小露營場,屏東縣,,,營業中,第一、二波公告,,
1.水漾森林露營場(苗栗縣三灣鄉北埔村),苗栗縣,,,營業中,,財政部國有財產署提供占用國有非公用土地之露營場,
力新小築-苗栗縣南庄鄉南江村東江００號,苗栗縣,,,待確認,具有稅籍登記,,
"山水居 - 苗栗縣大湖鄉栗林村內雙坑－號",苗栗縣,,,待確認,具有稅籍登記,,
山田休閒農場-苗栗縣南庄鄉田美村田美６６－１號,苗栗縣,,,待確認,具有稅籍登記,,
"五鄰休閒露營區 - 苗栗縣泰安鄉大興村高熊段０－００００、０－００００地號",苗栗縣,,,待確認,具有稅籍登記,,
"太湖民宿 - 苗栗縣大湖鄉大寮村草崠號",苗栗縣,,,待確認,具有稅籍登記,,
"比浩民宿 - 苗栗縣泰安鄉士林村馬那邦―號",苗栗縣,,,待確認,具有稅籍登記,,
四方牧場休憩小站-苗栗縣竹南鎮崎頂里鄰東崎頂－號,苗栗縣,,,待確認,具有稅籍登記,,
"永興民宿 - 苗栗縣通霄鎮福興里地號－﹒－﹒－﹒－",苗栗縣,,,待確認,具有稅籍登記,,
玉荷園-苗栗縣南庄鄉東村中正路２４２號,苗栗縣,,,待確認,具有稅籍登記,,
"如意園民宿 - 苗栗縣通霄鎮福興里福興－號",苗栗縣,,,待確認,具有稅籍登記,,
"宇庭客棧 - 苗栗縣通霄鎮南和里南和―號",苗栗縣,,,待確認,具有稅籍登記,,
宇淳戶外樂活有限公司三灣營業所-苗栗縣三灣鄉北埔村２７號,苗栗縣,,,待確認,具有稅籍登記,,
"江女兒情休閒農莊 - 苗栗縣泰安鄉士林村蘇魯―號",苗栗縣,,,待確認,具有稅籍登記,,
"竹林仙境 - 苗栗縣苗栗市新英里新英９５號１樓",苗栗縣,,,待確認,具有稅籍登記,,
自家烘焙咖啡休閒農場,苗栗縣,,,營業中,符合休閒農業輔導管理辦法,,
邦堡實業股份有限公司-苗栗縣三灣鄉頂寮村竹湖８－６號,苗栗縣,,,待確認,具有稅籍登記,,
里京舘-苗栗縣南庄鄉南江村里金舘號,苗栗縣,,,待確認,具有稅籍登記,,
"奇珊谷露營區 - 苗栗縣公館鄉北河村北河段７７、７９、５０８地號",苗栗縣,,,待確認,具有稅籍登記,,
"東里家風民宿 - 苗栗縣苑裡鎮苑坑里號",苗栗縣,,,待確認,具有稅籍登記,,
松濤田園咖啡館-苗栗縣南庄鄉田美村四灣９０之１號,苗栗縣,,,待確認,具有稅籍登記,,
"欣園民宿 - 苗栗縣通霄鎮內島里內島１６－７號",苗栗縣,,,待確認,具有稅籍登記,,
"武嵐露營區 - 苗栗縣泰安鄉錦水村橫龍山段００－００００、０－００００地號",苗栗縣,,,待確認,具有稅籍登記,,
"知禧露營商行 - 苗栗縣大湖鄉武榮村坑美寮－０號",苗栗縣,,,待確認,具有稅籍登記,,
"城香休閒農場 - 苗栗縣通霄鎮城北里―號",苗栗縣,,,待確認,具有稅籍登記,,
"洗水山露營區 - 苗栗縣泰安鄉清安村洗水坑號 - 苗栗縣泰安鄉清安村清安段０００－００００、０００－００００地號",苗栗縣,,,待確認,具有稅籍登記,,
眉山居-苗栗縣南庄鄉田美村１０６號,苗栗縣,,,待確認,具有稅籍登記,,
苗栗三義_山板樵休閒農場,苗栗縣,非都市土地,農牧用地,營業中,,違反森林法或休閒農業輔導管理辦法,否
苗栗三義_不遠露營度假山莊,苗栗縣,非都市土地,林業用地,營業中,待清查,待清查,否
苗栗三義_五福山莊,苗栗縣,非都市土地,國土保安用地,營業中,,違反森林法或休閒農業輔導管理辦法,否
苗栗三義_火車過山洞露營區,苗栗縣,非都市土地,農牧用地,營業中,待清查,待清查,否
苗栗三義_半月彎露營區,苗栗縣,非都市土地,農牧用地,營業中,待清查,待清查,否
苗栗三義_石濤園山莊,苗栗縣,非都市土地,農牧用地,營業中,待清查,待清查,否
苗栗三義_石濤園山莊,苗栗縣,非都市土地,農牧用地,營業中,待清查,待清查,否
苗栗三義_西湖渡假村,苗栗縣,非都市土地,遊憩用地,營業中,待清查,待清查,否
苗栗三義_貝岩居農場,苗栗縣,非都市土地,農牧用地,營業中,待清查,待清查,否
苗栗三義_依杉林露營區,苗栗縣,非都市土地,農牧用地,營業中,待清查,待清查,否
苗栗三義_春田窯陶藝休閒渡假園,苗栗縣,非都市土地,農牧用地,營業中,待清查,待清查,否
苗栗三義_彩園親子露營區,苗栗縣,非都市土地,農牧用地,營業中,待清查,待清查,否
苗栗三義_魚藤坪露營區,苗栗縣,非都市土地,農牧用地,營業中,待清查,待清查,否
苗栗三義_雲想家露營區,苗栗縣,非都市土地,農牧用地,營業中,待清查,待清查,否
苗栗三義_遇見李白露營區,苗栗縣,待確認,待確認,營業中,待清查,待清查,否
苗栗三義_諾維琪露營基地,苗栗縣,非都市土地,農牧用地,營業中,待清查,待清查,否
苗栗三義_錦繡山河露營區,苗栗縣,非都市土地,林業用地,營業中,待清查,待清查,否
苗栗三義_龍騰山莊,苗栗縣,非都市土地,農牧用地,營業中,待清查,待清查,否
苗栗三義_關刀山景庭露營區,苗栗縣,非都市土地,農牧用地,營業中,待清查,待清查,否
苗栗三義_鐵道驛站,苗栗縣,非都市土地,農牧用地,營業中,待清查,待清查,否
苗栗三義_峯州小木屋民宿,苗栗縣,非都市土地,國土保安用地,營業中,,森林法,否
苗栗三灣_小份美營地,苗栗縣,非都市土地,農牧用地,營業中,待清查,待清查,否
苗栗三灣_侑橘休閒農園,苗栗縣,非都市土地,農牧用地,營業中,待清查,待清查,否
苗栗三灣_神農渡假農場,苗栗縣,非都市土地,丙種建築用地,營業中,待清查,待清查,否
苗栗三灣_逗點露營區,苗栗縣,非都市土地,林業用地,營業中,待清查,待清查,否
苗栗三灣_棕櫚灣,苗栗縣,非都市土地,林業用地,營業中,待清查,待清查,否
苗栗三灣_棠春休閒莊園,苗栗縣,非都市土地,農牧用地,營業中,待清查,待清查,否
"苗栗大湖_Look 露客露營區",苗栗縣,非都市土地,農牧用地,營業中,待清查,待清查,否
苗栗大湖_MaLa！棒露營區,苗栗縣,非都市土地,農牧用地,營業中,待清查,待清查,否
"苗栗大湖_Mele Hula 音樂之舞藝術露營區",苗栗縣,非都市土地,"農牧用地
交通用地",營業中,待清查,待清查,否
苗栗大湖_大南之美露營區,苗栗縣,非都市土地,"農牧用地
丙種建築用地",營業中,待清查,待清查,否
苗栗大湖_天恩農莊畫家咖啡屋,苗栗縣,非都市土地,"農牧用地
林業用地
丙種建築用地",營業中,待清查,待清查,否
苗栗大湖_天然湖露營區,苗栗縣,非都市土地,農牧用地,營業中,待清查,待清查,否
苗栗大湖_天藍露營區,苗栗縣,非都市土地,農牧用地,營業中,待清查,待清查,否
苗栗大湖_四季非露不可景觀休閒露營區,苗栗縣,非都市土地,"農牧用地
丙種建築用地",營業中,待清查,待清查,否
苗栗大湖_石雲宮,苗栗縣,非都市土地,農牧用地,營業中,待清查,待清查,否
苗栗大湖_老官道農場,苗栗縣,非都市土地,"農牧用地
丙種建築用地",營業中,,違反森林法或休閒農業輔導管理辦法,否
苗栗大湖_岸之溪休閒會館,苗栗縣,非都市土地,農牧用地,營業中,待清查,待清查,否
苗栗大湖_香林露營區,苗栗縣,非都市土地,"農牧用地
林業用地
交通用地",營業中,待清查,待清查,否
苗栗大湖_琉璃秋境,苗栗縣,非都市土地,農牧用地,營業中,待清查,待清查,否
苗栗大湖_馬那邦萍園露營區,苗栗縣,非都市土地,農牧用地,營業中,待清查,待清查,否
苗栗大湖_馬拉邦渡假山莊,苗栗縣,非都市土地,農牧用地,營業中,待清查,待清查,否
苗栗大湖_彩雲露螢谷露營區,苗栗縣,非都市土地,"農牧用地
林業用地",營業中,待清查,待清查,否
苗栗大湖_悠活憶境露營區,苗栗縣,非都市土地,農牧用地,營業中,待清查,待清查,否
苗栗大湖_細邦道露營區,苗栗縣,非都市土地,農牧用地,營業中,待清查,待清查,否
苗栗大湖_嵐湖農場,苗栗縣,非都市土地,農牧用地,營業中,待清查,待清查,否
苗栗大湖_嵐湖農場,苗栗縣,非都市土地,農牧用地,營業中,,違反森林法或休閒農業輔導管理辦法,否
苗栗大湖_湖光山色露營區,苗栗縣,非都市土地,農牧用地,營業中,待清查,待清查,否
苗栗大湖_筑林居露營區,苗栗縣,非都市土地,農牧用地,營業中,待清查,待清查,否
苗栗大湖_菊園客家庄民宿露營區,苗栗縣,非都市土地,農牧用地,營業中,待清查,待清查,否
苗栗大湖_雲也居一農場,苗栗縣,非都市土地,農牧用地,營業中,待清查,待清查,否
苗栗大湖_微笑山丘,苗栗縣,非都市土地,"農牧用地
林業用地",營業中,待清查,待清查,否
苗栗大湖_溪畔露營區,苗栗縣,非都市土地,"農牧用地
林業用地",營業中,待清查,待清查,否
苗栗大湖_祺立農場大獅露營區,苗栗縣,非都市土地,"農牧用地
林業用地",營業中,待清查,待清查,否
苗栗大湖_夢之谷露營區,苗栗縣,待確認,待確認,營業中,待清查,待清查,否
苗栗大湖_福人居民宿,苗栗縣,非都市土地,農牧用地,營業中,待清查,待清查,否
苗栗大湖_錦雲山莊,苗栗縣,非都市土地,林業用地,營業中,待清查,待清查,否
"苗栗公館_山水 518 露營區",苗栗縣,非都市土地,林業用地,營業中,待清查,待清查,否
苗栗公館_日旺休閒露營區,苗栗縣,非都市土地,殯葬用地,營業中,待清查,待清查,否
苗栗公館_再~露營,苗栗縣,非都市土地,農牧用地,營業中,待清查,待清查,否
苗栗公館_希望樂園露營區,苗栗縣,非都市土地,"農牧用地
丙種建築用地",營業中,待清查,待清查,否
苗栗公館_享樂秘境民宿露營農場,苗栗縣,非都市土地,丙種建築用地,營業中,待清查,待清查,否
苗栗公館_芳樺園,苗栗縣,非都市土地,交通用地,營業中,待清查,待清查,否
苗栗公館_金滿山露營山莊,苗栗縣,非都市土地,農牧用地,營業中,待清查,待清查,否
苗栗公館_開礦露營區,苗栗縣,非都市土地,農牧用地,營業中,待清查,待清查,否
苗栗公館_跳跳城堡,苗栗縣,非都市土地,農牧用地,營業中,待清查,待清查,否
苗栗公館_銃庫營地,苗栗縣,非都市土地,"農牧用地
殯葬用地
特定目的事業用地",營業中,待清查,待清查,否
苗栗公館_福德桂花亭露營區,苗栗縣,非都市土地,丙種建築用地,營業中,待清查,待清查,否
苗栗公館_綠野神農休閒民宿露營區,苗栗縣,非都市土地,"農牧用地
林業用地",營業中,待清查,待清查,否
苗栗公館_衝到山上去放空,苗栗縣,非都市土地,農牧用地,營業中,待清查,待清查,否
苗栗公館_樹語星晴露營區,苗栗縣,非都市土地,農牧用地,營業中,待清查,待清查,否
苗栗公館_築夢農莊,苗栗縣,非都市土地,農牧用地,營業中,待清查,待清查,否
苗栗公館_戀戀山水農莊,苗栗縣,非都市土地,"農牧用地
未登記土地",營業中,待清查,待清查,否
苗栗竹南_崎頂新樂園,苗栗縣,待確認,待確認,無營業,,,
"苗栗西湖_Dr. Young 飛雞場",苗栗縣,非都市土地,農牧用地,營業中,待清查,待清查,否
苗栗西湖_徐家大院露營區,苗栗縣,非都市土地,農牧用地,營業中,待清查,待清查,否
苗栗西湖_祕密花園露營區,苗栗縣,非都市土地,農牧用地,營業中,待清查,待清查,否
苗栗卓蘭_小森時光農場,苗栗縣,非都市土地,農牧用地,營業中,待清查,待清查,否
苗栗卓蘭_山林野地露營區,苗栗縣,非都市土地,農牧用地,營業中,待清查,待清查,否
苗栗卓蘭_山林鳥日子,苗栗縣,非都市土地,"農牧用地
丙種建築用地",營業中,待清查,待清查,否
苗栗卓蘭_山豬窩露營農場,苗栗縣,非都市土地,"國土保安用地
農牧用地
丙種建築用地",營業中,待清查,待清查,否
苗栗卓蘭_水玉妮光,苗栗縣,非都市土地,農牧用地,營業中,待清查,待清查,否
苗栗卓蘭_自然風情,苗栗縣,待確認,待確認,營業中,待清查,待清查,否
苗栗卓蘭_怡心園歡樂露營區,苗栗縣,非都市土地,農牧用地,營業中,待清查,待清查,否
苗栗卓蘭_東耕露營地,苗栗縣,非都市土地,農牧用地,營業中,待清查,待清查,否
苗栗卓蘭_松山露營區,苗栗縣,非都市土地,農牧用地,營業中,待清查,待清查,否
苗栗卓蘭_長青谷森林遊樂區,苗栗縣,非都市土地,"農牧用地
丙種建築用地",營業中,待清查,待清查,否
"苗栗卓蘭_流壁下 10.5K 露營區",苗栗縣,非都市土地,農牧用地,營業中,待清查,待清查,否
苗栗卓蘭_看夕陽露營區,苗栗縣,非都市土地,農牧用地,營業中,待清查,待清查,否
苗栗卓蘭_桃花源露營區,苗栗縣,非都市土地,國土保安用地,營業中,待清查,待清查,否
苗栗卓蘭_逸香園休閒莊園,苗栗縣,非都市土地,"農牧用地
丙種建築用地",營業中,待清查,待清查,否
苗栗卓蘭_綠野景山露營地,苗栗縣,待確認,待確認,營業中,待清查,待清查,否
苗栗卓蘭_橘舍三食,苗栗縣,非都市土地,農牧用地,營業中,待清查,待清查,否
苗栗卓蘭_饗果樂露營區,苗栗縣,非都市土地,農牧用地,營業中,待清查,待清查,否
苗栗南庄_一葉蘭農場,苗栗縣,非都市土地,農牧用地,營業中,待清查,待清查,是
苗栗南庄_山居蘭園民宿,苗栗縣,非都市土地,林業用地,營業中,待清查,待清查,否
苗栗南庄_山度露營區,苗栗縣,非都市土地,農牧用地,營業中,待清查,待清查,是
苗栗南庄_山窩露營地,苗栗縣,非都市土地,農牧用地,營業中,待清查,待清查,否
苗栗南庄_六呆露營區,苗栗縣,待確認,待確認,營業中,待清查,待清查,否
苗栗南庄_巴卡的天空,苗栗縣,非都市土地,農牧用地,營業中,待清查,待清查,是
苗栗南庄_日杉林露營區,苗栗縣,非都市土地,"農牧用地
林業用地",營業中,待清查,待清查,否
苗栗南庄_水與樹莊園,苗栗縣,非都市土地,"農牧用地
丙種建築用地",營業中,待清查,待清查,否
苗栗南庄_加里山登山口森林露營區,苗栗縣,非都市土地,林業用地,營業中,待清查,待清查,是
苗栗南庄_半是青山半白雲露營區,苗栗縣,非都市土地,農牧用地,營業中,待清查,待清查,否
苗栗南庄_田美虹橋露營區,苗栗縣,非都市土地,丁種建築用地,營業中,待清查,待清查,否
苗栗南庄_好山好水民宿,苗栗縣,非都市土地,"農牧用地
暫未編定",營業中,待清查,待清查,否
苗栗南庄_好地方露營烤肉區,苗栗縣,非都市土地,"農牧用地
林業用地",營業中,待清查,待清查,否
苗栗南庄_有鬼露營區,苗栗縣,非都市土地,農牧用地,營業中,待清查,待清查,是
苗栗南庄_百香自然農場,苗栗縣,非都市土地,農牧用地,營業中,待清查,待清查,是
苗栗南庄_庄外庄露營雅境,苗栗縣,非都市土地,農牧用地,營業中,待清查,待清查,否
"苗栗南庄_吻吻 bun bun 露營區",苗栗縣,非都市土地,林業用地,營業中,待清查,待清查,是
苗栗南庄_承社露營區,苗栗縣,非都市土地,農牧用地,營業中,待清查,待清查,否
苗栗南庄_拉瓦露營區,苗栗縣,非都市土地,農牧用地,營業中,待清查,待清查,是
苗栗南庄_東河河岸露營區,苗栗縣,非都市土地,農牧用地,營業中,待清查,待清查,是
苗栗南庄_東風營地,苗栗縣,非都市土地,"農牧用地
林業用地",營業中,待清查,待清查,否
苗栗南庄_林泉休閒露營區,苗栗縣,非都市土地,農牧用地,營業中,待清查,待清查,否
苗栗南庄_松濤意境,苗栗縣,非都市土地,"農牧用地
林業用地",營業中,待清查,待清查,否
苗栗南庄_河岸星空露營地,苗栗縣,非都市土地,農牧用地,營業中,待清查,待清查,否
苗栗南庄_河畔露營區,苗栗縣,非都市土地,農牧用地,營業中,待清查,待清查,否
苗栗南庄_法愛露營區,苗栗縣,非都市土地,農牧用地,營業中,待清查,待清查,是
苗栗南庄_知泉渡假山莊,苗栗縣,非都市土地,"農牧用地
丙種建築用地",營業中,待清查,待清查,否
苗栗南庄_金成露營渡假山莊,苗栗縣,非都市土地,"農牧用地
林業用地",營業中,待清查,待清查,否
苗栗南庄_長青露營區,苗栗縣,非都市土地,農牧用地,營業中,待清查,待清查,否
苗栗南庄_青山好水露營區,苗栗縣,非都市土地,農牧用地,營業中,待清查,待清查,否
苗栗南庄_青杉嶴,苗栗縣,非都市土地,農牧用地,營業中,待清查,待清查,是
苗栗南庄_青溪渡假山莊,苗栗縣,非都市土地,農牧用地,營業中,財政部國有財產署提供合法申請使用國有非公用土地,,否
苗栗南庄_南山傳奇露營區,苗栗縣,非都市土地,農牧用地,營業中,待清查,待清查,是
苗栗南庄_南庄露露,苗栗縣,非都市土地,農牧用地,營業中,待清查,待清查,否
苗栗南庄_哈洛客露營區,苗栗縣,非都市土地,"農牧用地
丙種建築用地",營業中,待清查,待清查,是
苗栗南庄_春友彩虹露營區,苗栗縣,非都市土地,農牧用地,營業中,待清查,待清查,否
苗栗南庄_星星杉丘露營地,苗栗縣,非都市土地,農牧用地,營業中,待清查,待清查,否
苗栗南庄_星宿景觀咖啡民宿,苗栗縣,非都市土地,"林業用地
丙種建築用地",營業中,待清查,待清查,否
苗栗南庄_星語軒渡假村,苗栗縣,非都市土地,農牧用地,營業中,待清查,待清查,否
苗栗南庄_紅毛印象露營窩,苗栗縣,非都市土地,農牧用地,營業中,待清查,待清查,否
苗栗南庄_食水窩露營區,苗栗縣,非都市土地,林業用地,營業中,待清查,待清查,否
苗栗南庄_桂花園鄉村會館,苗栗縣,非都市土地,農牧用地,營業中,待清查,待清查,否
苗栗南庄_栗田庄露營區,苗栗縣,非都市土地,農牧用地,營業中,待清查,待清查,否
苗栗南庄_海芋休閒營地,苗栗縣,非都市土地,農牧用地,營業中,待清查,待清查,是
苗栗南庄_秘境露營,苗栗縣,非都市土地,農牧用地,營業中,待清查,待清查,否
苗栗南庄_高山青露營區,苗栗縣,非都市土地,農牧用地,營業中,待清查,待清查,是
苗栗南庄_悠逗露營區,苗栗縣,非都市土地,"農牧用地
林業用地
丙種建築用地",營業中,待清查,待清查,否
苗栗南庄_清景農場,苗栗縣,非都市土地,"農牧用地
林業用地
丙種建築用地",營業中,待清查,待清查,否
苗栗南庄_逍遙居山庄,苗栗縣,非都市土地,農牧用地,營業中,待清查,待清查,否
苗栗南庄_陶然山莊,苗栗縣,非都市土地,林業用地,營業中,待清查,待清查,否
"苗栗南庄_鹿場 850 庭園",苗栗縣,非都市土地,農牧用地,營業中,待清查,待清查,是
苗栗南庄_鹿場斜坑民宿露營區,苗栗縣,非都市土地,農牧用地,營業中,待清查,待清查,是
苗栗南庄_喝納灣露營區,苗栗縣,非都市土地,農牧用地,營業中,待清查,待清查,是
苗栗南庄_晴園山莊,苗栗縣,非都市土地,農牧用地,營業中,待清查,待清查,否
苗栗南庄_翔晶南庄麒麟山露營區,苗栗縣,非都市土地,"農牧用地
丁種建築用地",營業中,待清查,待清查,否
苗栗南庄_雲舞露營區,苗栗縣,非都市土地,農牧用地,營業中,待清查,待清查,是
苗栗南庄_萱草森林鄉村民宿,苗栗縣,非都市土地,農牧用地,營業中,待清查,待清查,否
"苗栗南庄_遊步山莊 (往營地叉路口)",苗栗縣,非都市土地,農牧用地,營業中,待清查,待清查,否
苗栗南庄_嘎嘎歐岸文化部落,苗栗縣,非都市土地,農牧用地,營業中,待清查,待清查,是
苗栗南庄_慢生活露營區,苗栗縣,非都市土地,農牧用地,營業中,待清查,待清查,否
苗栗南庄_瑪雅庭園露營區,苗栗縣,非都市土地,農牧用地,營業中,待清查,待清查,否
苗栗南庄_福元居親子農場,苗栗縣,非都市土地,"農牧用地
林業用地
丙種建築用地",營業中,待清查,待清查,否
苗栗南庄_鳳凰谷露營區,苗栗縣,非都市土地,農牧用地,營業中,待清查,待清查,否
苗栗南庄_德佬露營區,苗栗縣,非都市土地,"農牧用地
丙種建築用地",營業中,待清查,待清查,是
苗栗南庄_蘿菈松靜露營區,苗栗縣,非都市土地,農牧用地,營業中,待清查,待清查,是
苗栗後龍_台灣水牛城,苗栗縣,非都市土地,農牧用地,營業中,待清查,待清查,否
苗栗後龍_好望角蕃薯園,苗栗縣,非都市土地,農牧用地,營業中,待清查,待清查,否
苗栗後龍_藍天綠地露營區,苗栗縣,非都市土地,農牧用地,營業中,待清查,待清查,否
苗栗苗栗_英台休閒牧場,苗栗縣,非都市土地,農牧用地,營業中,待清查,待清查,否
"苗栗苑裡_木樂地 Joyland 露營區",苗栗縣,非都市土地,水利用地,營業中,待清查,待清查,否
苗栗苑裡_蕉埔露營區,苗栗縣,非都市土地,國土保安用地,營業中,,森林法,否
"苗栗泰安_UP 露營區",苗栗縣,非都市土地,農牧用地,營業中,待清查,待清查,否
苗栗泰安_ㄠ嶩民宿露營,苗栗縣,非都市土地,農牧用地,營業中,待清查,待清查,是
苗栗泰安_一片天露營區,苗栗縣,非都市土地,"農牧用地
林業用地",營業中,待清查,待清查,是
苗栗泰安_二本松露營區,苗栗縣,非都市土地,林業用地,營業中,待清查,待清查,是
苗栗泰安_土牧驛健康農莊,苗栗縣,非都市土地,"農牧用地
林業用地",營業中,待清查,待清查,是
苗栗泰安_小牛露營區,苗栗縣,非都市土地,"農牧用地
林業用地",營業中,待清查,待清查,是
苗栗泰安_山居營地,苗栗縣,非都市土地,"農牧用地
林業用地",營業中,待清查,待清查,是
苗栗泰安_川林休閒露營區,苗栗縣,非都市土地,農牧用地,營業中,待清查,待清查,是
苗栗泰安_云仙谷休閒露營區,苗栗縣,非都市土地,農牧用地,營業中,待清查,待清查,否
苗栗泰安_友田坊營地,苗栗縣,非都市土地,農牧用地,營業中,待清查,待清查,否
苗栗泰安_友田坊營地,苗栗縣,非都市土地,農牧用地,營業中,待清查,待清查,否
苗栗泰安_友泰民宿溫泉館,苗栗縣,非都市土地,"農牧用地
林業用地",營業中,待清查,待清查,是
苗栗泰安_尤巴斯露營區,苗栗縣,非都市土地,林業用地,營業中,待清查,待清查,是
苗栗泰安_世外桃源露營區,苗栗縣,非都市土地,"農牧用地
林業用地",營業中,待清查,待清查,是
苗栗泰安_世外桃源露營區,苗栗縣,非都市土地,"農牧用地
林業用地",營業中,待清查,待清查,是
苗栗泰安_古道秘境露營區,苗栗縣,非都市土地,"農牧用地
林業用地",營業中,待清查,待清查,是
"苗栗泰安_司馬限 360 度景觀露營區",苗栗縣,非都市土地,農牧用地,營業中,待清查,待清查,是
苗栗泰安_司馬限山嵐露營區,苗栗縣,非都市土地,林業用地,營業中,待清查,待清查,是
苗栗泰安_司馬限雲端果園露營區,苗栗縣,非都市土地,林業用地,營業中,待清查,待清查,是
苗栗泰安_布耶特景觀營地,苗栗縣,非都市土地,農牧用地,營業中,待清查,待清查,是
苗栗泰安_瓦浪露谷營地,苗栗縣,非都市土地,農牧用地,營業中,待清查,待清查,是
苗栗泰安_生健農技雪見露營區,苗栗縣,非都市土地,農牧用地,營業中,待清查,待清查,是
苗栗泰安_目上景露營區,苗栗縣,非都市土地,農牧用地,營業中,待清查,待清查,是
苗栗泰安_石水坊露營區,苗栗縣,非都市土地,農牧用地,營業中,待清查,待清查,是
苗栗泰安_印象泰雅露營區,苗栗縣,非都市土地,農牧用地,營業中,待清查,待清查,是
苗栗泰安_多乃文化露營區,苗栗縣,非都市土地,農牧用地,營業中,待清查,待清查,是
苗栗泰安_好自在露營區,苗栗縣,非都市土地,農牧用地,營業中,待清查,待清查,是
苗栗泰安_朵悠露營區,苗栗縣,非都市土地,農牧用地,營業中,待清查,待清查,是
"苗栗泰安_江 3 休閒農莊露營基地",苗栗縣,非都市土地,農牧用地,營業中,待清查,待清查,是
苗栗泰安_老古董民宿露營區,苗栗縣,非都市土地,農牧用地,營業中,待清查,待清查,否
苗栗泰安_吳老爹露營區,苗栗縣,非都市土地,農牧用地,營業中,待清查,待清查,是
苗栗泰安_快樂露營區,苗栗縣,非都市土地,農牧用地,營業中,待清查,待清查,是
苗栗泰安_那那布荷露營區,苗栗縣,非都市土地,農牧用地,營業中,待清查,待清查,是
苗栗泰安_亞哇斯露營區,苗栗縣,非都市土地,"農牧用地
林業用地",營業中,待清查,待清查,是
苗栗泰安_咖啦灣露營區,苗栗縣,非都市土地,"農牧用地
林業用地",營業中,待清查,待清查,是
苗栗泰安_咖啦灣露營區,苗栗縣,非都市土地,"農牧用地
林業用地",營業中,待清查,待清查,是
苗栗泰安_放牛吃草露營區,苗栗縣,非都市土地,"農牧用地
林業用地",營業中,待清查,待清查,是
苗栗泰安_的貴露營區,苗栗縣,非都市土地,農牧用地,營業中,待清查,待清查,是
苗栗泰安_芬享露營區,苗栗縣,非都市土地,農牧用地,營業中,待清查,待清查,是
苗栗泰安_虎山溫泉會館,苗栗縣,非都市土地,丙種建築用地,營業中,待清查,待清查,是
苗栗泰安_阿麗露營區,苗栗縣,非都市土地,農牧用地,營業中,待清查,待清查,是
苗栗泰安_南灣蹓蹓,苗栗縣,非都市土地,農牧用地,營業中,待清查,待清查,是
苗栗泰安_哈利匠民宿,苗栗縣,非都市土地,農牧用地,營業中,待清查,待清查,是
苗栗泰安_哈撒山莊,苗栗縣,非都市土地,"農牧用地
林業用地",營業中,待清查,待清查,是
"苗栗泰安_思穀汗 Skuhan 休閒露營區",苗栗縣,非都市土地,"農牧用地
林業用地",營業中,待清查,待清查,是
"苗栗泰安_思穀汗 Skuhan 休閒露營區",苗栗縣,非都市土地,"農牧用地
林業用地",營業中,待清查,待清查,是
苗栗泰安_星光山岳露營驛站,苗栗縣,非都市土地,農牧用地,營業中,待清查,待清查,是
苗栗泰安_星野天空露營區,苗栗縣,非都市土地,農牧用地,營業中,待清查,待清查,否
苗栗泰安_星露農場,苗栗縣,非都市土地,"農牧用地
林業用地",營業中,待清查,待清查,是
苗栗泰安_洗水山露營區,苗栗縣,非都市土地,農牧用地,營業中,待清查,待清查,是
苗栗泰安_活林火現露營區,苗栗縣,非都市土地,農牧用地,營業中,待清查,待清查,是
苗栗泰安_約會露營區,苗栗縣,非都市土地,農牧用地,營業中,待清查,待清查,是
苗栗泰安_美富安松林溪露營區,苗栗縣,非都市土地,農牧用地,營業中,待清查,待清查,是
苗栗泰安_虹杉露營區,苗栗縣,非都市土地,農牧用地,營業中,待清查,待清查,是
苗栗泰安_風露營,苗栗縣,非都市土地,農牧用地,營業中,待清查,待清查,是
苗栗泰安_原始原味露營區,苗栗縣,非都市土地,農牧用地,營業中,待清查,待清查,是
苗栗泰安_峽谷楓情,苗栗縣,非都市土地,林業用地,營業中,待清查,待清查,是
苗栗泰安_泰安仙境露營區,苗栗縣,非都市土地,農牧用地,營業中,待清查,待清查,是
苗栗泰安_烏嘎彥景觀休閒露營區,苗栗縣,非都市土地,農牧用地,營業中,待清查,待清查,是
苗栗泰安_馬紹露營區,苗栗縣,非都市土地,農牧用地,營業中,待清查,待清查,是
苗栗泰安_馬嘟溪露營基地,苗栗縣,非都市土地,"農牧用地
丙種建築用地  林業用地",營業中,待清查,待清查,否
苗栗泰安_高腳屋草莓園,苗栗縣,非都市土地,農牧用地,營業中,待清查,待清查,是
苗栗泰安_高熊卡露營區,苗栗縣,非都市土地,農牧用地,營業中,待清查,待清查,是
苗栗泰安_基哥那裡,苗栗縣,非都市土地,農牧用地,營業中,待清查,待清查,是
苗栗泰安_密式旅行,苗栗縣,非都市土地,農牧用地,營業中,待清查,待清查,是
苗栗泰安_悠瑪的家,苗栗縣,非都市土地,農牧用地,營業中,待清查,待清查,是
苗栗泰安_覓境露營區,苗栗縣,非都市土地,"農牧用地
林業用地",營業中,待清查,待清查,是
苗栗泰安_都瑪斯民宿,苗栗縣,非都市土地,農牧用地,營業中,待清查,待清查,是
苗栗泰安_雪松客棧小吃店露營區,苗栗縣,非都市土地,林業用地,營業中,待清查,待清查,是
苗栗泰安_象鼻休閒山莊,苗栗縣,非都市土地,"農牧用地
林業用地
交通用地",營業中,待清查,待清查,是
苗栗泰安_象鼻部落草莓農園,苗栗縣,非都市土地,農牧用地,營業中,待清查,待清查,是
苗栗泰安_跋ㄚ諾乎露營區,苗栗縣,非都市土地,農牧用地,營業中,待清查,待清查,是
苗栗泰安_逸視界露營區,苗栗縣,非都市土地,農牧用地,營業中,待清查,待清查,是
苗栗泰安_雲朵朵露營區,苗栗縣,非都市土地,"農牧用地
林業用地
交通用地",營業中,待清查,待清查,否
苗栗泰安_雲境露營區,苗栗縣,非都市土地,農牧用地,營業中,待清查,待清查,是
苗栗泰安_黃熊部落,苗栗縣,非都市土地,農牧用地,營業中,待清查,待清查,是
苗栗泰安_嗎哪露營區,苗栗縣,非都市土地,農牧用地,營業中,待清查,待清查,是
苗栗泰安_想當年露營區,苗栗縣,非都市土地,農牧用地,營業中,待清查,待清查,是
苗栗泰安_楚留香民宿,苗栗縣,非都市土地,農牧用地,營業中,待清查,待清查,否
苗栗泰安_楓李小棧露營區,苗栗縣,非都市土地,"農牧用地
交通用地",營業中,待清查,待清查,是
苗栗泰安_遊牧民族露營區,苗栗縣,非都市土地,農牧用地,營業中,待清查,待清查,是
苗栗泰安_達拉灣民宿,苗栗縣,非都市土地,"農牧用地
丙種建築用地",營業中,待清查,待清查,是
苗栗泰安_葳達露營區,苗栗縣,非都市土地,農牧用地,營業中,待清查,待清查,是
苗栗泰安_漫天過海露營區,苗栗縣,非都市土地,"農牧用地
林業用地",營業中,待清查,待清查,是
苗栗泰安_瑪亞鸞露營區,苗栗縣,非都市土地,"農牧用地
林業用地",營業中,待清查,待清查,是
苗栗泰安_瑪都安露營區,苗栗縣,非都市土地,丙種建築用地,營業中,待清查,待清查,否
苗栗泰安_瑪達法籟露營區,苗栗縣,非都市土地,"農牧用地
交通用地",營業中,待清查,待清查,是
苗栗泰安_綠背包親子露營區,苗栗縣,非都市土地,農牧用地,營業中,待清查,待清查,是
苗栗泰安_綠野雲仙露營區,苗栗縣,非都市土地,農牧用地,營業中,待清查,待清查,是
苗栗泰安_慕竹軒露營地,苗栗縣,非都市土地,農牧用地,營業中,待清查,待清查,是
苗栗泰安_撒力達露營區,苗栗縣,非都市土地,農牧用地,營業中,待清查,待清查,是
苗栗泰安_樂沐絲莊園,苗栗縣,非都市土地,"農牧用地
林業用地",營業中,待清查,待清查,是
苗栗泰安_瞭望角景觀民宿露營區,苗栗縣,非都市土地,農牧用地,營業中,待清查,待清查,否
苗栗泰安_藍天嶺露營區,苗栗縣,非都市土地,"農牧用地
林業用地",營業中,待清查,待清查,是
苗栗泰安_豐之優露營區,苗栗縣,非都市土地,農牧用地,營業中,待清查,待清查,否
苗栗泰安_耀婆山露營區,苗栗縣,非都市土地,"農牧用地
未登記土地",營業中,待清查,待清查,否
苗栗泰安_騰龍溫泉山莊,苗栗縣,非都市土地,農牧用地,營業中,待清查,待清查,是
苗栗泰安_攝風雲啟,苗栗縣,非都市土地,"農牧用地
林業用地",營業中,待清查,待清查,是
"苗栗泰安_露也楓情 (羽松區)",苗栗縣,非都市土地,農牧用地,營業中,待清查,待清查,是
"苗栗泰安_露也楓情 (羽楓區)",苗栗縣,非都市土地,農牧用地,營業中,待清查,待清查,是
苗栗泰安_戀情溫泉民宿,苗栗縣,非都市土地,林業用地,營業中,待清查,待清查,是
苗栗泰安_鷹的故鄉,苗栗縣,非都市土地,"農牧用地
林業用地",營業中,待清查,待清查,是
苗栗泰安_鑽石林,苗栗縣,非都市土地,"農牧用地
交通用地",營業中,待清查,待清查,是
苗栗通霄_金田農場,苗栗縣,待確認,待確認,無營業,,,
苗栗通霄_青雲螢火蟲露營區,苗栗縣,非都市土地,農牧用地,營業中,待清查,待清查,否
苗栗通霄_星空夜語露營區,苗栗縣,待確認,待確認,營業中,待清查,待清查,否
苗栗通霄_飛牛牧場,苗栗縣,非都市土地,"農牧用地
林業用地",營業中,待清查,待清查,否
苗栗通霄_飛螢農莊,苗栗縣,非都市土地,"農牧用地
林業用地",營業中,待清查,待清查,否
苗栗通霄_通霄濱海遊憩區,苗栗縣,待確認,待確認,無營業,,,
苗栗通霄_釣魚的貓地中海民宿,苗栗縣,非都市土地,農牧用地,營業中,待清查,待清查,否
苗栗通霄_藍鵲休閒農場,苗栗縣,非都市土地,"農牧用地
丙種建築用地",營業中,待清查,待清查,否
苗栗造橋_扶桑花露營區,苗栗縣,待確認,待確認,營業中,待清查,待清查,否
苗栗造橋_香格里拉樂園,苗栗縣,非都市土地,"農牧用地
林業用地
遊憩用地",營業中,第一、二波公告,,否
"苗栗獅潭_17 杉境露營休閒農場",苗栗縣,非都市土地,"農牧用地
林業用地",營業中,待清查,待清查,否
苗栗獅潭_大坪左岸露營區,苗栗縣,非都市土地,農牧用地,營業中,待清查,待清查,否
苗栗獅潭_大興窩露營區,苗栗縣,非都市土地,農牧用地,營業中,待清查,待清查,否
苗栗獅潭_小岔路露營區,苗栗縣,非都市土地,"農牧用地
丙種建築用地",營業中,待清查,待清查,否
苗栗獅潭_仙山生態農場,苗栗縣,非都市土地,農牧用地,營業中,待清查,待清查,否
苗栗獅潭_全星露場,苗栗縣,非都市土地,"農牧用地
林業用地",營業中,待清查,待清查,否
苗栗獅潭_韋家莊,苗栗縣,非都市土地,農牧用地,營業中,待清查,待清查,否
苗栗獅潭_紙湖農場,苗栗縣,非都市土地,農牧用地,營業中,待清查,待清查,否
苗栗獅潭_清泉露營區,苗栗縣,非都市土地,農牧用地,營業中,待清查,待清查,否
苗栗獅潭_逐露獅潭露營區,苗栗縣,非都市土地,農牧用地,營業中,待清查,待清查,否
苗栗獅潭_森林悅章,苗栗縣,非都市土地,農牧用地,營業中,待清查,待清查,否
苗栗獅潭_窩野鄉趣露營區,苗栗縣,非都市土地,"農牧用地
林業用地",營業中,待清查,待清查,否
苗栗銅鑼_山上的家露營區,苗栗縣,非都市土地,農牧用地,營業中,待清查,待清查,否
苗栗銅鑼_山林深處,苗栗縣,非都市土地,農牧用地,營業中,待清查,待清查,否
苗栗銅鑼_山野戀露營區,苗栗縣,非都市土地,農牧用地,營業中,待清查,待清查,否
苗栗銅鑼_田園河濱露營區,苗栗縣,非都市土地,農牧用地,營業中,待清查,待清查,否
苗栗銅鑼_李子紅休閒露營區,苗栗縣,非都市土地,"農牧用地
暫未編定",營業中,待清查,待清查,否
苗栗銅鑼_依杉林秘境,苗栗縣,非都市土地,林業用地,營業中,待清查,待清查,否
苗栗銅鑼_客家小院農場,苗栗縣,非都市土地,農牧用地,營業中,待清查,待清查,否
苗栗銅鑼_風山雅筑露營區,苗栗縣,非都市土地,"農牧用地
丙種建築用地",營業中,待清查,待清查,否
苗栗銅鑼_黃金梯田露營區,苗栗縣,非都市土地,農牧用地,營業中,待清查,待清查,否
苗栗銅鑼_榕樹山露營農場,苗栗縣,非都市土地,暫未編定,營業中,待清查,待清查,否
苗栗銅鑼_蓁愛露營區(大湖),苗栗縣,待確認,待確認,營業中,待清查,待清查,否
苗栗頭份_亞太創意技術學院,苗栗縣,非都市土地,"農牧用地
特定目的事業用地",營業中,待清查,待清查,否
苗栗頭屋_上雲端露營區,苗栗縣,都市土地,待確認,營業中,待清查,待清查,否
苗栗頭屋_天花湖民宿,苗栗縣,非都市土地,農牧用地,營業中,待清查,待清查,否
苗栗頭屋_明德窯露營區,苗栗縣,都市土地,待確認,營業中,待清查,待清查,否
苗栗頭屋_飛鷹堡探索基地,苗栗縣,都市土地,待確認,營業中,待清查,待清查,否
苗栗頭屋_海棠映月休閒營區,苗栗縣,都市土地,待確認,營業中,待清查,待清查,否
苗栗頭屋_海棠島露營營地,苗栗縣,都市土地,待確認,營業中,待清查,待清查,否
苗栗頭屋_茶書坊健康園區,苗栗縣,非都市土地,"農牧用地
水利用地",營業中,待清查,待清查,否
苗栗頭屋_微時光露營園區,苗栗縣,非都市土地,農牧用地,營業中,待清查,待清查,否
苗栗頭屋_魯冰花農莊,苗栗縣,都市土地,待確認,營業中,待清查,待清查,否
苗栗頭屋_橄欖樹露營區,苗栗縣,都市土地,待確認,營業中,待清查,待清查,否
苗栗頭屋_藝景渡假莊園,苗栗縣,都市土地,待確認,營業中,待清查,待清查,否
"桂橘園民宿 - 苗栗縣獅潭鄉永興村永興－號",苗栗縣,,,待確認,具有稅籍登記,,
"桐莊民宿 - 苗栗縣公館鄉福德村福德３５－１２號",苗栗縣,,,待確認,具有稅籍登記,,
神棹仙境民宿-苗栗縣三灣鄉大河村神棹山０號,苗栗縣,,,待確認,具有稅籍登記,,
梨舍橘園休閒農場-苗栗縣三灣鄉內灣村龍峎頂５－１７號,苗栗縣,,,待確認,具有稅籍登記,,
"湯神民宿 - 苗栗縣大湖鄉大寮村大窩－０號",苗栗縣,,,待確認,具有稅籍登記,,
"逸安露營區 - 苗栗縣泰安鄉大興村高熊段０地號",苗栗縣,,,待確認,具有稅籍登記,,
"雲端景觀露營區 - 苗栗縣泰安鄉中興村細道邦段０００－００００地號",苗栗縣,,,待確認,具有稅籍登記,,
"黃石山莊 - 苗栗縣三義鄉雙潭村崩山下號",苗栗縣,,,待確認,具有稅籍登記,,
"慈夢柔民宿 - 苗栗縣大湖鄉富興村八寮灣－０號",苗栗縣,,,待確認,具有稅籍登記,,
"新竹林區管理處觀霧國家森林遊樂區 - 苗栗縣泰安鄉梅園村觀霧１－３號",苗栗縣,,,營業中,具有稅籍登記,,
"達拉崗民宿 - 苗栗縣泰安鄉象鼻村象鼻號",苗栗縣,,,待確認,具有稅籍登記,,
碧絡角農場-苗栗縣南庄鄉東河村橫屏背鄰號,苗栗縣,,,待確認,具有稅籍登記,,
"福田瓦舍 - 苗栗縣三義鄉龍騰村龍騰號",苗栗縣,,,待確認,具有稅籍登記,,
福星山營地,苗栗縣,,,營業中,第一、二波公告,,
"福軒養生館 - 苗栗縣三義鄉双潭村雙連潭號",苗栗縣,,,待確認,具有稅籍登記,,
蓉櫻農場-苗栗縣南庄鄉南江村福南號,苗栗縣,,,待確認,具有稅籍登記,,
鳳櫻碧山莊-苗栗縣南庄鄉蓬萊村四十二份－號,苗栗縣,,,待確認,具有稅籍登記,,
撒萬露營區-苗栗縣南庄鄉蓬萊村北獅里興段北獅里興小段０地號,苗栗縣,,,待確認,具有稅籍登記,,
貓頭鷹生態休閒農場,苗栗縣,,,營業中,符合休閒農業輔導管理辦法,,
"簡福相 - 苗栗縣泰安鄉大興村高熊段地號",苗栗縣,,,待確認,具有稅籍登記,,
"豐本國際股份有限公司苗栗辦事處 - 苗栗縣通霄鎮南和里南和－號",苗栗縣,,,待確認,具有稅籍登記,,
石門森林休閒農場,桃園市,,,營業中,符合休閒農業輔導管理辦法,,
石門營地,桃園市,,,營業中,第一、二波公告,,
江陵日觀休閒農場,桃園市,,,營業中,符合休閒農業輔導管理辦法,,
武陵農場露營區,桃園市,,,營業中,第一、二波公告,,
桃園大溪_水漾石門,桃園市,都市土地,"保護區,水庫保護區",營業中,,"違反都市計畫法
有違反水土保持法裁罰紀錄。",否
桃園大溪_松旺農場,桃園市,非都市土地,特定農業區農牧用地,營業中,待清查,待清查,否
桃園大溪_晴耕福田養生農莊,桃園市,非都市土地,風景區農牧用地,營業中,待清查,待清查,否
桃園大溪_逸雲莊,桃園市,非都市土地,風景區農牧用地,營業中,待清查,待清查,否
桃園大溪_陽光種子農趣園,桃園市,非都市土地,風景區農牧用地,營業中,待清查,待清查,否
桃園大溪_楓之谷露營區,桃園市,待確認,待確認,營業中,待清查,待清查,
桃園大溪_福份山農園,桃園市,非都市土地,一般農業區農牧用地,營業中,待清查,待清查,否
桃園大溪_綠果子休憩站,桃園市,待確認,待確認,營業中,,有違反水土保持法裁罰紀錄。,
桃園復興_八度野溪露營區,桃園市,非都市土地,山坡地保育區交通用地,營業中,,不符合，依十一交通用地（五）戶外遊憩設施，許可使用細目內容:超輕型載具起降場。,是
桃園復興_八福露營區,桃園市,非都市土地,山坡地保育區林業用地,營業中,待清查,待清查,是
桃園復興_三木森露營區,桃園市,非都市土地,山坡地保育區林業用地,營業中,待清查,待清查,是
桃園復興_三光農場露營區,桃園市,待確認,待確認,營業中,待清查,待清查,
桃園復興_三哥休閒園區景觀神木露營地,桃園市,非都市土地,山坡地保育區農牧用地,營業中,待清查,待清查,是
桃園復興_山大王休閒農莊,桃園市,非都市土地,山坡地保育區農牧用地,營業中,待清查,待清查,否
桃園復興_山水澗溪畔烤肉區,桃園市,非都市土地,山坡地保育區農牧用地,營業中,待清查,待清查,是
桃園復興_山雲海露營農場,桃園市,非都市土地,山坡地保育區農牧用地,營業中,待清查,待清查,是
桃園復興_天天營地,桃園市,非都市土地,山坡地保育區農牧用地,營業中,待清查,待清查,是
桃園復興_巴陵仙境果園露營區,桃園市,非都市土地,山坡地保育區林業用地,營業中,待清查,待清查,是
桃園復興_木村的家露營區,桃園市,非都市土地,山坡地保育區農牧用地,營業中,待清查,待清查,否
桃園復興_比固花園,桃園市,非都市土地,山坡地保育區農牧用地,營業中,待清查,待清查,是
桃園復興_比該溪生態露營區,桃園市,非都市土地,山坡地保育區林業用地,營業中,待清查,待清查,是
桃園復興_卡普休閒農莊,桃園市,非都市土地,山坡地保育區林業用地,營業中,待清查,待清查,是
桃園復興_永隆農場,桃園市,非都市土地,山坡地保育區林業用地,營業中,待清查,待清查,是
"桃園復興_瓦旦喜義露營農場 (往營地叉路口)",桃園市,非都市土地,山坡地保育區農牧用地,營業中,待清查,待清查,否
桃園復興_石秀灣五葉松營地,桃園市,都市土地,水庫保護區,營業中,,違反都市計畫法,否
桃園復興_伊萬農場,桃園市,非都市土地,山坡地保育區農牧用地,營業中,待清查,待清查,否
桃園復興_巫婆景觀農場,桃園市,非都市土地,山坡地保育區農牧用地,營業中,待清查,待清查,是
桃園復興_那山。達雅賀,桃園市,非都市土地,森林區林業用地,營業中,待清查,待清查,是
桃園復興_阮爸咖啡園休閒營區,桃園市,非都市土地,一般農業區農牧用地,營業中,,有違反水土保持法裁罰紀錄。,是
桃園復興_沄峰農場,桃園市,非都市土地,山坡地保育區林業用地,營業中,待清查,待清查,是
桃園復興_亞力山大露營區,桃園市,非都市土地,山坡地保育區林業用地,營業中,待清查,待清查,是
桃園復興_和平橋生態露營區,桃園市,非都市土地,山坡地保育區林業用地,營業中,待清查,待清查,是
桃園復興_拉拉山吾家農場,桃園市,非都市土地,山坡地保育區農牧用地,營業中,待清查,待清查,否
桃園復興_拉嘎露營區,桃園市,非都市土地,山坡地保育區林業用地,營業中,待清查,待清查,是
"桃園復興_東眼山林家果園 (往營地叉路口)",桃園市,非都市土地,森林區林業用地,營業中,待清查,待清查,
桃園復興_東眼山農場,桃園市,非都市土地,山坡地保育區農牧用地,營業中,待清查,待清查,是
桃園復興_松野農園,桃園市,非都市土地,山坡地保育區農牧用地,營業中,待清查,待清查,否
桃園復興_花家果園露營區,桃園市,非都市土地,森林區林業用地,營業中,待清查,待清查,否
桃園復興_金暖谷,桃園市,非都市土地,山坡地保育區農牧用地,營業中,待清查,待清查,是
桃園復興_長榮果園夫妻樹露營區,桃園市,非都市土地,山坡地保育區農牧用地,營業中,待清查,待清查,否
桃園復興_長興山水靜露營區,桃園市,都市土地,旅四，停車場用地,營業中,,違反都市計畫法,否
桃園復興_芘雅尚露營區,桃園市,非都市土地,山坡地保育區林業用地,營業中,,違反森林法,是
桃園復興_俠雲山莊,桃園市,非都市土地,山坡地保育區農牧用地,營業中,待清查,待清查,是
桃園復興_奎輝營地,桃園市,非都市土地,一般農業區農牧用地,營業中,待清查,待清查,否
桃園復興_流霞谷親水園區,桃園市,非都市土地,山坡地保育區林業用地,營業中,待清查,待清查,是
桃園復興_飛督努露營區,桃園市,非都市土地,山坡地保育區農牧用地,營業中,待清查,待清查,否
桃園復興_飛鼠不渴露營農場,桃園市,非都市土地,山坡地保育區農牧用地,營業中,待清查,待清查,是
桃園復興_恩愛農場,桃園市,非都市土地,山坡地保育區農牧用地,營業中,待清查,待清查,否
桃園復興_桃源仙谷,桃園市,非都市土地,山坡地保育區交通用地,營業中,,1.不符合，依十一交通用地（五）戶外遊憩設施，許可使用細目內容:超輕型載具起降場,是
桃園復興_泰雅秘境露營區,桃園市,都市土地,住一(附),營業中,待清查,待清查,是
"桃園復興_海萍茶園露營地 (阿真小吃店)",桃園市,都市土地,商業區,營業中,待清查,待清查,是
桃園復興_茱麗葉的家舒活農場,桃園市,非都市土地,山坡地保育區農牧用地,營業中,,有違反水土保持法裁罰紀錄。,是
桃園復興_迷露谷露營區,桃園市,非都市土地,山坡地保育區農牧用地,營業中,待清查,待清查,否
桃園復興_馬野露營區,桃園市,非都市土地,山坡地保育區農牧用地,營業中,待清查,待清查,
桃園復興_馬灣露營區,桃園市,非都市土地,一般農業區農牧用地,營業中,,有違反水土保持法裁罰紀錄。,是
桃園復興_基拉耳景觀露營區,桃園市,非都市土地,一般農業區農牧用地,營業中,待清查,待清查,是
桃園復興_培雅境休閒露營區,桃園市,非都市土地,山坡地保育區農牧用地,營業中,待清查,待清查,是
桃園復興_彩霞谷露營烤肉區,桃園市,非都市土地,山坡地保育區農牧用地,營業中,待清查,待清查,是
桃園復興_清清露營區,桃園市,非都市土地,山坡地保育區林業用地,營業中,待清查,待清查,是
桃園復興_清龍谷野營度假中心,桃園市,非都市土地,山坡地保育區農牧用地,營業中,待清查,待清查,是
桃園復興_喜樂麻谷休閒農莊,桃園市,非都市土地,山坡地保育區林業用地,營業中,待清查,待清查,是
桃園復興_開心農莊,桃園市,非都市土地,山坡地保育區林業用地,營業中,,有違反水土保持法裁罰紀錄。,是
桃園復興_雅比斯露營區,桃園市,非都市土地,山坡地保育區農牧用地,營業中,待清查,待清查,是
桃園復興_雅渡休閒農莊,桃園市,非都市土地,山坡地保育區農牧用地,營業中,待清查,待清查,否
桃園復興_雲河休閒露營區,桃園市,非都市土地,山坡地保育區林業用地,營業中,待清查,待清查,是
桃園復興_雲頂休閒露營區,桃園市,非都市土地,山坡地保育區林業用地,營業中,待清查,待清查,是
桃園復興_雲霧農場,桃園市,非都市土地,山坡地保育區農牧用地,營業中,,有違反水土保持法裁罰紀錄。,是
桃園復興_微笑草地,桃園市,非都市土地,山坡地保育區農牧用地,營業中,待清查,待清查,否
桃園復興_溪口台露營區,桃園市,非都市土地,一般農業區農牧用地,營業中,待清查,待清查,是
桃園復興_爺亨溫泉露營區,桃園市,非都市土地,山坡地保育區林業用地,營業中,待清查,待清查,是
桃園復興_瑞士農園民宿,桃園市,非都市土地,山坡地保育區林業用地,營業中,待清查,待清查,否
桃園復興_達彥休閒民宿露營區,桃園市,非都市土地,一般農業區農牧用地,營業中,待清查,待清查,是
桃園復興_嘎色鬧露營區,桃園市,非都市土地,一般農業區農牧用地,營業中,待清查,待清查,是
桃園復興_夢想家園露營區,桃園市,都市土地,第二種旅館區,營業中,,違反都市計畫法,是
桃園復興_蜻蜓露營區,桃園市,待確認,待確認,營業中,,違反森林法,
桃園復興_遠見之星露營區,桃園市,非都市土地,山坡地保育區農牧用地,營業中,待清查,待清查,否
桃園復興_摩亞農場,桃園市,非都市土地,山坡地保育區林業用地,營業中,待清查,待清查,是
桃園復興_樂野露營區,桃園市,非都市土地,山坡地保育區農牧用地,營業中,待清查,待清查,是
桃園復興_融奎霖莊園露營區,桃園市,非都市土地,山坡地保育區農牧用地,營業中,待清查,待清查,是
桃園復興_錦泰農場營地,桃園市,都市土地,第一種旅館區,營業中,待清查,待清查,
桃園復興_薔薇谷露營區,桃園市,非都市土地,山坡地保育區林業用地,營業中,待清查,待清查,否
桃園復興_霞雲谷露營區,桃園市,非都市土地,山坡地保育區農牧用地,營業中,待清查,待清查,是
桃園復興_霞雲神木生態露營農場,桃園市,非都市土地,一般農業區農牧用地,營業中,待清查,待清查,是
桃園復興_羅浮紅橋河畔休閒營地,桃園市,都市土地,青年活動營地用地,營業中,待清查,待清查,否
桃園復興_羅馬休閒露營區,桃園市,都市土地,住(二),營業中,,違反都市計畫法,是
桃園復興_蟹將軍露營區,桃園市,非都市土地,一般農業區農牧用地,營業中,待清查,待清查,是
桃園復興_蘋果農莊,桃園市,非都市土地,山坡地保育區農牧用地,營業中,待清查,待清查,否
"桃園復興_露薩 Lu Sa 休閒露營區",桃園市,待確認,待確認,營業中,待清查,待清查,
桃園復興_歡喜農場,桃園市,非都市土地,山坡地保育區農牧用地,營業中,待清查,待清查,否
桃園復興_鑫園馬告咖啡,桃園市,都市土地,遊二，停(六),營業中,待清查,待清查,是
桃園復興_觀星營地,桃園市,非都市土地,山坡地保育區農牧用地,營業中,待清查,待清查,是
桃園復興_觀雲休憩農莊,桃園市,非都市土地,山坡地保育區農牧用地,營業中,,有違反水土保持法裁罰紀錄。,否
桃園新屋_九斗村有機農場,桃園市,非都市土地,特定農業區農牧用地,營業中,待清查,待清查,否
桃園新屋_大腳ㄚ農莊,桃園市,非都市土地,一般農業區農牧用地,營業中,待清查,待清查,否
桃園新屋_檸檬園露營區,桃園市,非都市土地,特定農業區農牧用地,營業中,待清查,待清查,否
桃園楊梅_味全埔心牧場,桃園市,都市土地,產業遊樂區,營業中,待清查,待清查,否
桃園楊梅_耀輝休閒牧場,桃園市,非都市土地,特定農業區農牧用地,營業中,待清查,待清查,否
桃園楊梅_驛品香生態農園,桃園市,非都市土地,山坡地保育區暫未編定,營業中,待清查,待清查,否
桃園龍潭_老貝殼親子假期,桃園市,非都市土地,一般農業區特定目的事業用地,營業中,待清查,待清查,否
桃園龍潭_快樂農場,桃園市,非都市土地,一般農業區農牧用地,營業中,待清查,待清查,否
桃園龍潭_活石農場營地,桃園市,非都市土地,山坡地保育區農牧用地,營業中,待清查,待清查,否
桃園龍潭_鄉之旅渡假村,桃園市,非都市土地,一般農業區農牧用地,營業中,待清查,待清查,否
桃園龍潭_貓頭鷹的家,桃園市,都市土地,農業區,營業中,,違反都市計畫法,否
"桃園蘆竹_32 後花園露營區",桃園市,都市土地,保護區,營業中,,違反水土保持法,否
桃園蘆竹_桃蘆坑農場,桃園市,都市土地,保護區,營業中,待清查,待清查,否
桃園蘆竹_簡家農場,桃園市,都市土地,保護區,營業中,,違反都市計畫法,否
卜谷嵐自然生態農園露營區-高雄市那瑪夏區瑪雅里瑪雅段746地號,高雄市,,,待確認,具有稅籍登記,,
山海戀露營活動場,高雄市,,,營業中,第一、二波公告,,
角宿休閒農場,高雄市,,,營業中,符合休閒農業輔導管理辦法,,
姊妹的家露營區-高雄市那瑪夏區達卡努瓦達卡努瓦段61地號,高雄市,,,待確認,具有稅籍登記,,
忠義營地,高雄市,,,營業中,第一、二波公告,,
青少年探索教育基地,高雄市,,,營業中,第一、二波公告,,
盈旬卡拉OK旗山三合院民宿-高雄市旗山區廣福里中興街6號,高雄市,,,待確認,具有稅籍登記,,
海韻露營區青年露營區,高雄市,,,營業中,第一、二波公告,,
高雄大樹_大觀庭園咖啡露營區,高雄市,非都市土地,特定目的事業用地,營業中,,水土保持法,否
高雄大樹_小希臘秘境露營區,高雄市,,,待確認,,,
高雄內門_竹亮山莊,高雄市,非都市土地,農牧用地,營業中,待清查,待清查,否
高雄內門_老爺的家露營區,高雄市,非都市土地,農牧用地,營業中,待清查,待清查,否
高雄六龜_山水炎民宿渡假山莊,高雄市,非都市土地,農牧用地,營業中,待清查,待清查,否
高雄六龜_六龜森林生態花園露營區,高雄市,非都市土地,待確認,營業中,,水土保持法,否
"高雄六龜_天闊溫泉 SPA 會館",高雄市,非都市土地,農牧用地,營業中,待清查,待清查,否
高雄六龜_芳晨溫泉渡假村,高雄市,非都市土地,待確認,營業中,待清查,待清查,否
高雄六龜_扇平山莊十八羅漢山露營區,高雄市,非都市土地,農牧用地,營業中,待清查,待清查,否
"高雄六龜_草地人 SPA 民宿",高雄市,非都市土地,農牧用地,營業中,,違反區域計畫法/非都市土地使用管制規則,否
"高雄六龜_荖濃田營農場露營區
(市招：家營農場)",高雄市,非都市土地,農牧用地,營業中,待清查,待清查,否
高雄六龜_荖濃有機農場露營區,高雄市,非都市土地,農牧用地,營業中,待清查,待清查,否
高雄六龜_彩虹森林快樂農場,高雄市,非都市土地,農牧用地,營業中,待清查,待清查,否
高雄六龜_悠然山莊露營區,高雄市,非都市土地,待確認,營業中,待清查,待清查,否
高雄六龜_陽光綠地水世界露營區,高雄市,非都市土地,農牧用地,營業中,,財政部國有財產署提供占用國有非公用土地之露營場,否
高雄六龜_嘉寶溫泉渡假村,高雄市,非都市土地,農牧用地,營業中,待清查,待清查,否
高雄六龜_福濃休閒農場露營區,高雄市,非都市土地,待確認,營業中,待清查,待清查,否
高雄六龜_輕風椰林親子露營區,高雄市,非都市土地,農牧用地,營業中,待清查,待清查,否
高雄六龜_潘家露營區,高雄市,非都市土地,農牧用地,營業中,待清查,待清查,否
高雄六龜_緣起農場新發露營區,高雄市,非都市土地,農牧用地,營業中,待清查,待清查,否
高雄六龜_鴻來溫泉山莊,高雄市,非都市土地,農牧用地,營業中,待清查,待清查,否
高雄六龜_麒麟露營區,高雄市,非都市土地,農牧用地,營業中,,水土保持法,否
高雄六龜_寶來星野農場,高雄市,非都市土地,農牧用地,營業中,待清查,待清查,是
高雄六龜_寶來溫泉山莊,高雄市,非都市土地,,營業中,財政部國有財產署提供合法申請使用國有非公用土地,,否
高雄六龜_寶來溫泉山莊,高雄市,非都市土地,農牧用地,營業中,,違反水土保持法,否
高雄六龜_蘇菲凱文の快樂農場,高雄市,非都市土地,農牧用地,營業中,待清查,待清查,否
高雄六龜_蘇羅婆溫泉渡假村,高雄市,非都市土地,農牧用地,營業中,待清查,待清查,否
"高雄六龜_戀戀南橫 2071 露營區",高雄市,非都市土地,待確認,營業中,待清查,待清查,否
高雄杉林_火山超人露營區,高雄市,非都市土地,林業用地,營業中,待清查,待清查,否
高雄杉林_永齡農場,高雄市,,,無營業,,,
高雄杉林_桂田休閒莊園露營區,高雄市,非都市土地,農牧用地,營業中,,水土保持法,否
高雄那瑪夏_巴尼蓋休閒農莊,高雄市,非都市土地,農牧用地,營業中,待清查,待清查,是
高雄那瑪夏_伊咪達督民宿,高雄市,非都市土地,農牧用地,營業中,待清查,待清查,是
高雄那瑪夏_那次嵐露營區,高雄市,非都市土地,林業用地,營業中,待清查,待清查,是
高雄那瑪夏_呼頌民宿渡假村,高雄市,非都市土地,農牧用地,營業中,待清查,待清查,是
高雄那瑪夏_拉比尼亞露營山莊,高雄市,非都市土地,林業用地,營業中,待清查,待清查,是
高雄那瑪夏_夏洱露營區,高雄市,非都市土地,農牧用地,營業中,待清查,待清查,是
高雄那瑪夏_發拉斯民宿,高雄市,非都市土地,農牧用地,營業中,待清查,待清查,是
高雄那瑪夏_達里沐露營區,高雄市,非都市土地,農牧用地,營業中,待清查,待清查,是
高雄那瑪夏_寧妮谷民宿,高雄市,非都市土地,農牧用地,營業中,待清查,待清查,是
高雄美濃_美圳露營區,高雄市,非都市土地,農牧用地,營業中,待清查,待清查,否
高雄美濃_美綠生態園,高雄市,非都市土地,農牧用地,營業中,待清查,待清查,否
高雄美濃_高雄農場,高雄市,非都市土地,特定目的事業用地,營業中,待清查,待清查,否
高雄美濃_高雄農場,高雄市,非都市土地,特定目的事業用地,營業中,第一、二波公告,,否
高雄美濃_德旺渡假山莊,高雄市,,,待確認,,,
高雄茂林_春天生態農場,高雄市,非都市土地,農牧用地,營業中,待清查,待清查,是
高雄茂林_烏巴克藝術空間,高雄市,非都市土地,農牧用地,營業中,待清查,待清查,是
高雄茂林_琉璃灣露營區,高雄市,非都市土地,農牧用地,營業中,待清查,待清查,是
高雄茂林_得恩谷生態民宿,高雄市,非都市土地,農牧用地,營業中,待清查,待清查,是
高雄茂林_渡露灣民宿露營區,高雄市,非都市土地,林業用地,營業中,待清查,待清查,是
高雄茂林_萬山寨休閒露營區,高雄市,非都市土地,農牧用地,營業中,待清查,待清查,是
高雄桃源_文家果園,高雄市,非都市土地,林業用地,營業中,待清查,待清查,是
高雄桃源_玉穗野溪溫泉,高雄市,非都市土地,待確認,營業中,待清查,待清查,是
高雄桃源_好望角果園,高雄市,,,待確認,,,
高雄桃源_阿爾山露營區,高雄市,非都市土地,農牧用地,營業中,待清查,待清查,是
高雄桃源_海拉努休閒露營,高雄市,非都市土地,農牧用地,營業中,待清查,待清查,是
高雄桃源_梅山露營區,高雄市,,,無營業,,,
高雄桃源_橙月緣露營休閒區,高雄市,非都市土地,農牧用地,營業中,,水土保持法,是
高雄桃源_豐林農場露營區,高雄市,非都市土地,農牧用地,營業中,待清查,待清查,是
"高雄桃源_藤枝二集團茶園營地 (茶行報到點)",高雄市,,,待確認,,,
高雄桃源_藤枝製茶場露營區,高雄市,非都市土地,農牧用地,營業中,待清查,待清查,是
高雄桃源_藤枝櫻花原生茶園,高雄市,非都市土地,林業用地,營業中,,水土保持法,是
高雄楠梓_高雄大學露營烤肉區,高雄市,都市土地,大專用地,營業中,待清查,待清查,否
"高雄旗山_BANANA 芭娜娜樂園",高雄市,非都市土地,農牧用地,營業中,,農業發展條例,否
高雄旗山_三桃山森林遊樂區,高雄市,,,待確認,,,
高雄旗山_艾莉親子露營區,高雄市,非都市土地,特定目的事業用地,營業中,待清查,待清查,否
高雄旗山_麗湖露營區,高雄市,非都市土地,丙種建築用地,營業中,待清查,待清查,否
高雄旗津_海韻露營區,高雄市,都市土地,公園用地.都市計畫外,營業中,都市計畫土地使用管制,,否
鴻沄有限公司-高雄市左營區新光里文康路129巷30號1樓,高雄市,,,待確認,具有稅籍登記,,
基隆七堵_小梯田‧露‧,基隆市,非都市土地,農牧用地、林業用地暨丙種建築用地,無營業,,,
基隆七堵_朱比特瑪陵露營區,基隆市,非都市土地,林業用地,無營業,,,
基隆七堵_盛德休閒農場,基隆市,非都市土地,農牧用地,無營業,,,
基隆市童軍活動中心,基隆市,,,營業中,第一、二波公告,,
馬祖北竿_田園山莊民宿,連江縣,非都市土地,住宅區,無營業,,,
"馬祖南竿_55 據點背包客棧",連江縣,非都市土地,風景區,營業中,國有財產法,,無
大禾國際實業股份有限公司-雲林縣斗六市十三南路55-2號,雲林縣,,,待確認,具有稅籍登記,,
巴登大莊園休閒農場,雲林縣,,,營業中,符合休閒農業輔導管理辦法,,
東光營地,雲林縣,,,營業中,第一、二波公告,,
雲林口湖_海口故事園區,雲林縣,非都市土地,養殖用地,營業中,,違章建築,否
雲林斗六_九九莊園十三番農場,雲林縣,非都市土地,農牧用地,營業中,,違章建築,否
雲林斗六_紅螞蟻生態世界,雲林縣,非都市土地,農牧用地,營業中,,違反農發條例,否
雲林古坑_山峰民宿,雲林縣,非都市土地,農牧用地,無營業,,,
雲林古坑_石壁大飯店,雲林縣,非都市土地,農牧用地,無營業,,,
雲林古坑_石壁仙谷露營區,雲林縣,非都市土地,農牧用地,無營業,,,
雲林古坑_秀嶺日式庭園咖啡,雲林縣,非都市土地,農牧用地,無營業,,,否
雲林古坑_佳南美地露營區,雲林縣,非都市土地,農牧用地,營業中,,違反農發條例,否
雲林古坑_星夜露營區,雲林縣,非都市土地,農牧用地,營業中,,"違章建築
違反農發條例",否
雲林古坑_桐趣露營區,雲林縣,非都市土地,暫未編定,營業中,符合區域計畫法及區域計畫法/非都市土地使用管制規則,,否
雲林古坑_湖光山舍,雲林縣,非都市土地,農牧用地,無營業,,,否
雲林古坑_華山國小,雲林縣,非都市土地,特定目的事業用地,營業中,符合區域計畫法及區域計畫法/非都市土地使用管制規則,,否
雲林古坑_楓野民餐,雲林縣,非都市土地,農牧用地,無營業,,,
雲林古坑_劍湖園露營區,雲林縣,非都市土地,農牧用地,營業中,,"違章建築
違反農發條例",否
雲林古坑_德園莊,雲林縣,非都市土地,農牧用地,營業中,,違反農發條例,否
雲林古坑_櫻園日式木屋,雲林縣,非都市土地,農牧用地,無營業,,,否
雲林四湖_綠野沙崙露營園區,雲林縣,非都市土地,甲種建築用地,營業中,符合區域計畫法及區域計畫法/非都市土地使用管制規則,,否
雲林林內_林內農庄,雲林縣,非都市土地,農牧用地,營業中,,"違章建築
違反農發條例",否
雲林林內_盈樟竹屋渡假農場,雲林縣,非都市土地,農牧用地,營業中,,違反農發條例,否
雲林林內_逸境生態露營區,雲林縣,非都市土地,農牧用地,營業中,,農業處：該地上有建物(使照用途為資材室)，現況作露營活動中心違反使用,否
愷心露營區-雲林縣古坑鄉永光村大湖口60-25號,雲林縣,,,待確認,具有稅籍登記,,
"19 庄淺水灣海景露營餐廳",新北市,非都市土地,農牧用地,營業中,"土地使用分區管制要點或都市計畫法新北市施行細則
區域計畫法
消防法
商業登記法
水土保持法
水利法
休閒農業輔導管理辦法",,否
75區(恬緣),新北市,非都市土地,農牧用地,無營業,,,
九芎根101香魚農場,新北市,都市土地,保安保護區,無營業,,,
八三一營區,新北市,非都市土地,農牧用地,營業中,,區域計畫法,否
八里文化公園露營區,新北市,都市土地,公園用地,營業中,"土地使用分區管制要點或都市計畫法新北市施行細則
區域計畫法
消防法
商業登記法
水土保持法
水利法
休閒農業輔導管理辦法",,否
十三層營地,新北市,非都市土地,農牧用地,營業中,,區域計畫法,否
十分休息讚月桃寮露營區,新北市,非都市土地,農業區(農牧用地),營業中,,"土地使用分區管制要點或都市計畫法新北市施行細則
區域計畫法
水土保持法",否
十分自然露營區,新北市,非都市土地,農牧用地,營業中,,區域計畫法,否
三五野營區,新北市,非都市土地,林業用地,無營業,,,
三金焿子坪溫泉會館,新北市,非都市土地,礦業用地,營業中,,區域計畫法,否
上林國小,新北市,非都市土地,特定目的事業用地(學校)用地),營業中,,"區域計畫法
消防法
商業登記法",否
大屯溪古道休閒農場,新北市,非都市土地,國家公園區,營業中,,休閒農業輔導管理辦法,否
大舌湖營地,新北市,都市土地,保安保護區,無營業,,,
大溪地露營區,新北市,都市土地,保安保護區、停車場用地,營業中,,土地使用分區管制要點或都市計畫法新北市施行細則,否
大羅蘭生態農場,新北市,都市土地,保安保護區,營業中,,土地使用分區管制要點或都市計畫法新北市施行細則,待查明
山水畔休閒生態,新北市,非都市土地,農牧用地,營業中,,區域計畫法,否
山外山有機生態農場,新北市,都市土地,保安保護區,無營業,,,
山俠景觀營地,新北市,非都市土地,農牧用地,無營業,,,
山間小露,新北市,非都市土地,農牧用地,營業中,,區域計畫法,否
仁里茶園露營區,新北市,都市土地,保安保護區,營業中,,土地使用分區管制要點或都市計畫法新北市施行細則,否
今日山莊茶園,新北市,都市土地,保安保護區,營業中,,土地使用分區管制要點或都市計畫法新北市施行細則,否
天山親水農場,新北市,都市土地,保安保護區,無營業,,,
太平洋翡翠灣温泉渡假飯店,新北市,都市土地,第一種旅館區,無營業,,,
文山農場,新北市,都市土地,保護區,營業中,,土地使用分區管制要點或都市計畫法新北市施行細則,否
文山營地(同育空露營區),新北市,都市土地,保安保護區,營業中,,土地使用分區管制要點或都市計畫法新北市施行細則,否
水仙露營區,新北市,非都市土地,農牧用地,營業中,,區域計畫法,否
水田園農莊,新北市,非都市土地,農牧用地,營業中,,區域計畫法,否
水德山莊營地,新北市,都市土地,保安保護區,無營業,,,
水德營地,新北市,都市土地,保安保護區,無營業,,,
火燒寮農莊,新北市,非都市土地,農牧用地,營業中,,違反森林法及休閒農業輔導管理辦法,
北新有機休閒農場,新北市,非都市土地,農牧用地,營業中,,休閒農業輔導管理辦法,否
半島秘境,新北市,都市土地,保護區,營業中,,土地使用分區管制要點或都市計畫法新北市施行細則,否
平溪森林小學會館,新北市,非都市土地,特定目的事業用地,營業中,"土地使用分區管制要點或都市計畫法新北市施行細則
區域計畫法
消防法
商業登記法
水土保持法
水利法
休閒農業輔導管理辦法",,否
永賓露營區,新北市,都市土地,保安保護區,無營業,,,
田螺山露營區,新北市,都市土地,保安保護區,無營業,,,
石碇高中,新北市,,,營業中,第一、二波公告,,
吉祥營地,新北市,都市土地,保安保護區,營業中,"土地使用分區管制要點或都市計畫法新北市施行細則
區域計畫法
消防法
商業登記法
水土保持法
水利法
休閒農業輔導管理辦法",,否
合歡露營山莊,新北市,都市土地,保安保護區,營業中,,土地使用分區管制要點或都市計畫法新北市施行細則,否
有木國小,新北市,非都市土地,特定目的事業用地(學校用地),營業中,"土地使用分區管制要點或都市計畫法新北市施行細則
區域計畫法
消防法
商業登記法
水土保持法
水利法
休閒農業輔導管理辦法",,否
朱舍農莊,新北市,都市土地,保護區,營業中,"土地使用分區管制要點或都市計畫法新北市施行細則
區域計畫法
消防法
商業登記法
水土保持法
水利法
休閒農業輔導管理辦法",,否
老地方營區,新北市,都市土地,保安保護區,營業中,,土地使用分區管制要點或都市計畫法新北市施行細則,否
老農夫生態休閒農莊,新北市,非都市土地,農牧用地,營業中,,區域計畫法,否
虫二露營區,新北市,都市土地,農業區,營業中,,土地使用分區管制要點或都市計畫法新北市施行細則,否
何方神聖慢活營,新北市,都市土地,保安保護區,無營業,,,
育空露營區,新北市,都市土地,保安保護區,營業中,,土地使用分區管制要點或都市計畫法新北市施行細則,否
亞太漆彈主題樂園,新北市,都市土地,保護區,營業中,,土地使用分區管制要點或都市計畫法新北市施行細則,否
兩湖回甘休閒農莊,新北市,非都市土地,農牧用地,營業中,,區域計畫法,否
坪安潭露營地,新北市,都市土地,保安保護區,無營業,,,
昇宏營地,新北市,都市土地,保安保護區,無營業,,,
東方農場,新北市,非都市土地,林業用地,營業中,,區域計畫法,否
東峰烤肉露營區,新北市,非都市土地,未登記,營業中,待清查,待清查,否
林園營地,新北市,都市土地,保安保護區,營業中,,土地使用分區管制要點或都市計畫法新北市施行細則,否
板橋國中,新北市,,,營業中,第一、二波公告,,
松溪園露營農莊-新北市雙溪區新基北街１９巷２０號（１樓）,新北市,,,待確認,具有稅籍登記,,
芳林休閒露營區,新北市,都市土地,保安保護區,無營業,,,
虎寮潭山莊,新北市,都市土地,保安保護區,無營業,,,
金山青年活動中心,新北市,都市土地,青年活動中心區,營業中,"土地使用分區管制要點或都市計畫法新北市施行細則
區域計畫法
消防法
商業登記法
水土保持法
水利法
休閒農業輔導管理辦法",,否
金山驛境,新北市,非都市土地,農牧用地,營業中,,"區域計畫法
水土保持法",否
金瓜寮農場,新北市,都市土地,保安保護區,無營業,,,
金溪露營山莊,新北市,都市土地,保安保護區,營業中,,土地使用分區管制要點或都市計畫法新北市施行細則,否
長青谷營地,新北市,都市土地,農業區,營業中,,土地使用分區管制要點或都市計畫法新北市施行細則,否
長青營地,新北市,都市土地,保安保護區,無營業,,,
長城溪森林,新北市,非都市土地,農牧、林業用地,營業中,,區域計畫法,否
阿里磅生態休閒農場,新北市,非都市土地,農牧用地,營業中,"土地使用分區管制要點或都市計畫法新北市施行細則
區域計畫法
消防法
商業登記法
水土保持法
水利法
休閒農業輔導管理辦法",,否
青山谷,新北市,非都市土地,農牧用地,營業中,,區域計畫法,否
青山農場,新北市,都市土地,保安保護區,營業中,,土地使用分區管制要點或都市計畫法新北市施行細則,否
青溪浮雲露營區,新北市,非都市土地,農牧用地,營業中,,區域計畫法,否
映象之旅,新北市,都市土地,保安保護區,營業中,,土地使用分區管制要點或都市計畫法新北市施行細則,否
柚子園營地,新北市,非都市土地,農牧用地,營業中,,區域計畫法,否
皇后鎮森林,新北市,非都市土地,農牧用地,營業中,,區域計畫法,否
美樂地露營區,新北市,都市土地,保安保護區,無營業,,,
桃子腳國中國小,新北市,都市土地,學校用地,無營業,,,
桃源谷龍山園,新北市,非都市土地,待查明,無營業,,,
泰雅巴萊部落村,新北市,都市土地,保安保護區,營業中,,土地使用分區管制要點或都市計畫法新北市施行細則,是
"烏山 62 號野營地",新北市,都市土地,保安保護區,營業中,,土地使用分區管制要點或都市計畫法新北市施行細則,否
茶香地,新北市,都市土地,保安保護區,無營業,,,
茶鄉村休閒農場,新北市,都市土地,保安保護區,無營業,,,
張家莊營地,新北市,都市土地,保安保護區,營業中,待清查,待清查,
桶壁角親子露營聖地,新北市,都市土地,保安保護區,營業中,,土地使用分區管制要點或都市計畫法新北市施行細則,是
清水灣營地,新北市,都市土地,商業區,無營業,,,
清泉水頭營地,新北市,都市土地,保安保護區,營業中,,土地使用分區管制要點或都市計畫法新北市施行細則,否
粗坑口營地(同茶鄉村農場),新北市,都市土地,保安保護區,無營業,,,
紮客營地,新北市,非都市土地,農牧用地,無營業,,,
勝宇茶園營地,新北市,都市土地,保安保護區,無營業,,,
尋芳蹤蓮花竹露營農場,新北市,非都市土地,農牧用地,無營業,,,
猴洞潭營地,新北市,都市土地,保安保護區,無營業,,,
發現亮山,新北市,非都市土地,農牧用地,無營業,,,
童話森林露營區,新北市,,林業用地,營業中,,違反森林法及休閒農業輔導管理辦法,
給樹營地,新北市,都市土地,保安保護區,營業中,,土地使用分區管制要點或都市計畫法新北市施行細則,否
黑龍潭露營社,新北市,都市土地,保安保護區,無營業,,,
嗎哪山莊,新北市,非都市土地,農牧用地,營業中,,"區域計畫法
商業登記法",否
新石門營地,新北市,都市土地,保安保護區,無營業,,,
萬金溫泉會館,新北市,非都市土地,農牧用地,營業中,,區域計畫法,否
萬順休閒農場,新北市,非都市土地,農牧用地,營業中,,休閒農業輔導管理辦法,否
葵扇湖觀光農場,新北市,非都市土地,農牧用地,營業中,,區域計畫法,否
裕子商店(微笑吧露營地),新北市,都市土地,保安保護區,無營業,,,
雷朗極限探索園區,新北市,都市土地,農業區,營業中,,土地使用分區管制要點或都市計畫法新北市施行細則,否
瘋自然露營區,新北市,都市土地,農業區,營業中,,土地使用分區管制要點或都市計畫法新北市施行細則,否
碧湖(福星)農場營地(月牙灣),新北市,都市土地,保安保護區,營業中,,土地使用分區管制要點或都市計畫法新北市施行細則,否
福山馬塔大露營區,新北市,都市土地,保安保護區,營業中,,土地使用分區管制要點或都市計畫法新北市施行細則,待查明
福山緣營地,新北市,都市土地,保安保護區,無營業,,,
福連國小,新北市,都市土地,學校用地,營業中,,"區域計畫法
消防法
商業登記法",否
福隆山庄,新北市,都市土地,農業區,營業中,,土地使用分區管制要點或都市計畫法新北市施行細則,否
綠峰渡假山莊,新北市,非都市土地,國家公園區,營業中,"土地使用分區管制要點或都市計畫法新北市施行細則
區域計畫法
消防法
商業登記法
水土保持法
水利法
休閒農業輔導管理辦法",,否
綠茵谷民宿,新北市,非都市土地,農牧用地,營業中,,區域計畫法,否
綠野山林,新北市,都市土地,保安保護區,營業中,"土地使用分區管制要點或都市計畫法新北市施行細則
區域計畫法
消防法
商業登記法
水土保持法
水利法
休閒農業輔導管理辦法",,否
蜜蜂世界,新北市,非都市土地,林業用地,營業中,,違反森林法及休閒農業輔導管理辦法,
德拉楠文化營,新北市,都市土地,保安保護區,營業中,,"土地使用分區管制要點或都市計畫法新北市施行細則
商業登記法",待查明
樂園仙境,新北市,非都市土地,暫未編定用地,營業中,,區域計畫法,否
確幸莊園,新北市,都市土地,農業區,營業中,,土地使用分區管制要點或都市計畫法新北市施行細則,否
賢孝童軍體驗園區,新北市,,,營業中,第一、二波公告,,
興旺露營休憩農場,新北市,都市土地,保安保護區,無營業,,,
蕃米力親子營地,新北市,都市土地,保安保護區,營業中,,土地使用分區管制要點或都市計畫法新北市施行細則,否
鴛鴦谷,新北市,非都市土地,農牧、林業用地,營業中,,區域計畫法,否
龍門露營渡假基地,新北市,都市土地,露營區,營業中,"土地使用分區管制要點或都市計畫法新北市施行細則
區域計畫法
消防法
商業登記法
水土保持法
水利法
休閒農業輔導管理辦法",,否
龜山營地,新北市,,,營業中,第一、二波公告,,
闊瀨營地(英速魔法學院),新北市,都市土地,保安保護區、道路用地、學校用地,無營業,,,
簡家露營區,新北市,非都市土地,農牧用地,營業中,,區域計畫法,否
翻山越嶺露營區,新北市,非都市土地,農牧用地,營業中,,"區域計畫法
水土保持法",否
雙水營地,新北市,都市土地,保安保護區,無營業,,,
雙溪平林休閒農場,新北市,都市土地,保護區,無營業,,,
雙溪國小,新北市,都市土地,學校用地,營業中,"土地使用分區管制要點或都市計畫法新北市施行細則
區域計畫法
消防法
商業登記法
水土保持法
水利法
休閒農業輔導管理辦法",,否
蟾蜍山谷烤肉露營區,新北市,非都市土地,農牧用地,營業中,,區域計畫法,否
關聖宮(山林農場),新北市,都市土地,保安保護區,無營業,,,
麗園休閒亭,新北市,都市土地,保安保護區,無營業,,,
櫻梅園,新北市,非都市土地,農牧用地,無營業,,,
鐵馬新樂園,新北市,都市土地,保安保護區,無營業,,,
鷺鷥岫黑龍潭,新北市,都市土地,保安保護區,無營業,,,
刣牛寮草堂,新北市,都市土地,保安保護區,無營業,,,
茄苳營地,新竹市,,,營業中,第一、二波公告,,
大山背休閒農場,新竹縣,,休閒農場,營業中,,違反森林法及休閒農業輔導管理辦法,
南園清心園林休閒農場,新竹縣,,,營業中,符合休閒農業輔導管理辦法,,
峨眉營地,新竹縣,,,營業中,第一、二波公告,,
"新竹五峰_B612 夕淞度日",新竹縣,非都市土地,農牧用地,營業中,,不符合土地管制法規,是
"新竹五峰_KT 露營區",新竹縣,非都市土地,農牧用地,營業中,,不符合土地管制法規,是
新竹五峰_千鶴營地,新竹縣,非都市土地,農牧用地,營業中,,不符合土地管制法規,是
新竹五峰_大霸雅脈露營區,新竹縣,非都市土地,農牧用地,營業中,,不符合土地管制法規,是
新竹五峰_小米露營區,新竹縣,非都市土地,農牧用地,營業中,,不符合土地管制法規,是
新竹五峰_天馬行空露營區,新竹縣,非都市土地,山坡地保育區,營業中,,不符合土地管制法規,是
新竹五峰_天景露營區,新竹縣,非都市土地,農牧用地,營業中,,不符合土地管制法規,是
新竹五峰_天湖祕境露營區,新竹縣,非都市土地,農牧用地,營業中,,不符合土地管制法規,是
新竹五峰_天湖第一家露營區,新竹縣,非都市土地,農牧用地,營業中,,不符合土地管制法規,是
新竹五峰_天湖露營區,新竹縣,非都市土地,農牧用地,營業中,,不符合土地管制法規,是
新竹五峰_尤巴士露營區,新竹縣,非都市土地,農牧用地,營業中,,不符合土地管制法規,是
新竹五峰_尤外農場山莊,新竹縣,非都市土地,農牧用地,營業中,,不符合土地管制法規,是
新竹五峰_尤瑪山莊,新竹縣,非都市土地,農牧用地,營業中,,不符合土地管制法規,是
新竹五峰_巴斯瓜藍民宿,新竹縣,非都市土地,林業用地,營業中,,不符合土地管制法規,是
新竹五峰_巴棍民宿露營區,新竹縣,非都市土地,農牧用地,營業中,,不符合土地管制法規,是
新竹五峰_戈巴侖露營區,新竹縣,非都市土地,林業用地,營業中,,不符合土地管制法規,是
新竹五峰_仙湖露營區,新竹縣,非都市土地,農牧用地,營業中,,不符合土地管制法規,是
新竹五峰_四季露營區,新竹縣,非都市土地,農牧用地,營業中,,不符合土地管制法規,是
新竹五峰_左岸涼山營地,新竹縣,非都市土地,農牧用地,營業中,,不符合土地管制法規,是
新竹五峰_布拉谷民宿,新竹縣,非都市土地,林業用地,營業中,,不符合土地管制法規,是
新竹五峰_布魯的家露營區,新竹縣,非都市土地,林業用地,營業中,,不符合土地管制法規,是
新竹五峰_瓜麗休閒古老露營區,新竹縣,非都市土地,農牧用地,營業中,,不符合土地管制法規,是
新竹五峰_瓦度的家,新竹縣,非都市土地,農牧用地,營業中,,不符合土地管制法規,是
新竹五峰_田家山莊,新竹縣,非都市土地,農牧用地,營業中,,不符合土地管制法規,是
新竹五峰_田秘的家露營區,新竹縣,非都市土地,農牧用地,營業中,,不符合土地管制法規,尚待確認
新竹五峰_伊梵的家,新竹縣,非都市土地,農牧用地,營業中,,不符合土地管制法規,是
新竹五峰_好麻吉私房景點露營區,新竹縣,非都市土地,山坡地保育區,營業中,,不符合土地管制法規,是
新竹五峰_有愛一家露營區,新竹縣,非都市土地,農牧用地,營業中,,不符合土地管制法規,是
新竹五峰_竹鷹露營區,新竹縣,非都市土地,農牧用地,營業中,,不符合土地管制法規,是
新竹五峰_老牛露營區,新竹縣,非都市土地,農牧用地,營業中,,不符合土地管制法規,是
新竹五峰_艾嵐休閒露營區,新竹縣,非都市土地,農牧用地,營業中,,不符合土地管制法規,是
新竹五峰_杉嵐營地,新竹縣,非都市土地,農牧用地,營業中,,不符合土地管制法規,是
新竹五峰_谷亮露營區,新竹縣,非都市土地,"林業用地       農牧用地",營業中,,不符合土地管制法規,是
新竹五峰_谷燕養?場露營區,新竹縣,非都市土地,"林業用地       農牧用地",營業中,,不符合土地管制法規,是
新竹五峰_幸福?仙園,新竹縣,非都市土地,農牧用地,營業中,,不符合土地管制法規,是
新竹五峰_拉哢露營區,新竹縣,非都市土地,農牧用地,營業中,,不符合土地管制法規,是
新竹五峰_松木青露營區,新竹縣,非都市土地,農牧用地,營業中,,不符合土地管制法規,是
新竹五峰_泱坡佳境製茶坊民宿,新竹縣,非都市土地,農牧用地,營業中,,不符合土地管制法規,是
新竹五峰_空軍一號民宿露營,新竹縣,非都市土地,農牧用地,營業中,,不符合土地管制法規,是
新竹五峰_花湖美地露營區,新竹縣,非都市土地,農牧用地,營業中,,不符合土地管制法規,是
新竹五峰_花園營地,新竹縣,非都市土地,農牧用地,營業中,,不符合土地管制法規,是
新竹五峰_阿秋泰雅編織工坊,新竹縣,非都市土地,農牧用地,營業中,,不符合土地管制法規,是
新竹五峰_阿貴營地,新竹縣,非都市土地,農牧用地,營業中,,不符合土地管制法規,是
新竹五峰_哈尼農園,新竹縣,非都市土地,農牧用地,營業中,,不符合土地管制法規,是
新竹五峰_哈勇露營區,新竹縣,非都市土地,農牧用地,營業中,,不符合土地管制法規,是
新竹五峰_星空下露營區,新竹縣,非都市土地,農牧用地,營業中,,不符合土地管制法規,是
新竹五峰_英桃?天闊營地,新竹縣,非都市土地,農牧用地,營業中,,不符合土地管制法規,是
新竹五峰_迦心休閒露營區,新竹縣,非都市土地,農牧用地,營業中,,不符合土地管制法規,是
新竹五峰_迦南山莊,新竹縣,非都市土地,農牧用地,營業中,,不符合土地管制法規,是
新竹五峰_風雅月筑休閒渡假民宿,新竹縣,非都市土地,農牧用地,營業中,,不符合土地管制法規,是
新竹五峰_香吉樂活露營趣,新竹縣,非都市土地,山坡地保育區,營業中,,不符合土地管制法規,是
新竹五峰_格步霧露營區,新竹縣,非都市土地,農牧用地,營業中,,不符合土地管制法規,是
新竹五峰_桃山清泉露營區,新竹縣,非都市土地,農牧用地,營業中,,不符合土地管制法規,是
新竹五峰_浮雲杉林,新竹縣,非都市土地,農牧用地,營業中,,不符合土地管制法規,是
新竹五峰_馬雅竹軒,新竹縣,非都市土地,農牧用地,營業中,,不符合土地管制法規,是
新竹五峰_高山寨露營區,新竹縣,非都市土地,山坡地保育區,營業中,,不符合土地管制法規,是
新竹五峰_得碇休閒山莊,新竹縣,非都市土地,林業用地,營業中,,不符合土地管制法規,是
新竹五峰_梅山頂景觀露營區,新竹縣,非都市土地,山坡地保育區,營業中,,不符合土地管制法規,是
新竹五峰_梅后蔓露營區,新竹縣,非都市土地,山坡地保育區,營業中,,不符合土地管制法規,是
新竹五峰_移動城堡露營區,新竹縣,非都市土地,山坡地保育區,營業中,,不符合土地管制法規,是
新竹五峰_莫那的家,新竹縣,非都市土地,農牧用地,營業中,,不符合土地管制法規,是
新竹五峰_野足營地,新竹縣,非都市土地,"林業用地              農牧用地",營業中,,不符合土地管制法規,是
新竹五峰_野馬農園露營區,新竹縣,非都市土地,農牧用地,營業中,,不符合土地管制法規,是
新竹五峰_鳥嘴山露營區,新竹縣,非都市土地,農牧用地,營業中,,不符合土地管制法規,是
新竹五峰_鹿林道營地,新竹縣,非都市土地,林業用地,營業中,,不符合土地管制法規,是
新竹五峰_勞恩布妮的家,新竹縣,非都市土地,農牧用地,營業中,,不符合土地管制法規,是
新竹五峰_斯卡嵐慕露營區,新竹縣,非都市土地,農牧用地,營業中,,不符合土地管制法規,是
新竹五峰_森依努露營區,新竹縣,非都市土地,農牧用地,營業中,,不符合土地管制法規,是
新竹五峰_無名露營區,新竹縣,非都市土地,農牧用地,營業中,,不符合土地管制法規,是
新竹五峰_紫色的家露營區,新竹縣,非都市土地,農牧用地,營業中,,不符合土地管制法規,尚待確認
新竹五峰_雅居勝櫻休閒營地,新竹縣,非都市土地,農牧用地,營業中,,不符合土地管制法規,是
新竹五峰_雲起露營區,新竹縣,非都市土地,農牧用地,營業中,,不符合土地管制法規,是
新竹五峰_雲頂杉林景觀農場,新竹縣,非都市土地,農牧用地,營業中,,不符合土地管制法規,是
新竹五峰_詒昊爾露營區,新竹縣,非都市土地,農牧用地,營業中,,不符合土地管制法規,是
新竹五峰_愛。上比來露營區,新竹縣,非都市土地,農牧用地,營業中,,不符合土地管制法規,是
新竹五峰_愛上天湖露營區,新竹縣,非都市土地,農牧用地,營業中,,不符合土地管制法規,是
新竹五峰_愛上喜翁民宿,新竹縣,非都市土地,農牧用地,營業中,,不符合土地管制法規,是
新竹五峰_楠桂坊露營區,新竹縣,非都市土地,林業用地,營業中,,不符合土地管制法規,是
新竹五峰_楓櫻杉林露營區,新竹縣,非都市土地,農牧用地,營業中,,不符合土地管制法規,是
新竹五峰_溫家茶園露營區,新竹縣,非都市土地,農牧用地,營業中,,不符合土地管制法規,是
新竹五峰_漫步天湖露營區,新竹縣,非都市土地,農牧用地,營業中,,不符合土地管制法規,是
新竹五峰_綠色奇緣露營區,新竹縣,非都市土地,農牧用地,營業中,,不符合土地管制法規,是
新竹五峰_綠野森林露營區,新竹縣,非都市土地,農牧用地,營業中,,不符合土地管制法規,是
新竹五峰_翡翠園露營區,新竹縣,非都市土地,農牧用地,營業中,,不符合土地管制法規,是
新竹五峰_舞蜜農園露營區,新竹縣,非都市土地,農牧用地,營業中,,不符合土地管制法規,是
新竹五峰_蓉園山莊,新竹縣,非都市土地,農牧用地,營業中,,不符合土地管制法規,是
新竹五峰_賓。狗窩露營區,新竹縣,非都市土地,農牧用地,營業中,,不符合土地管制法規,是
新竹五峰_廣野露營區,新竹縣,非都市土地,農牧用地,營業中,,不符合土地管制法規,是
新竹五峰_樂哈山營地,新竹縣,非都市土地,農牧用地,營業中,,不符合土地管制法規,是
新竹五峰_魯娜的秘境,新竹縣,非都市土地,農牧用地,營業中,,不符合土地管制法規,是
新竹五峰_憶難忘露營區,新竹縣,非都市土地,農牧用地,營業中,,不符合土地管制法規,是
新竹五峰_靜觀露營區,新竹縣,非都市土地,農牧用地,營業中,,不符合土地管制法規,是
新竹五峰_龍之家農場,新竹縣,非都市土地,"林業用地       農牧用地",營業中,,不符合土地管制法規,是
新竹五峰_曈瞳仙境露營區,新竹縣,非都市土地,山坡地保育區,營業中,,不符合土地管制法規,是
新竹五峰_賽夏有機農場露營區,新竹縣,非都市土地,農牧用地,營業中,,不符合土地管制法規,是
新竹五峰_霞喀羅露營區,新竹縣,非都市土地,農牧用地,營業中,,不符合土地管制法規,是
新竹五峰_寶之林營地,新竹縣,非都市土地,農牧用地,營業中,,不符合土地管制法規,是
新竹五峰_櫻之林露營區,新竹縣,非都市土地,農牧用地,營業中,,不符合土地管制法規,是
新竹五峰_櫻之都露營區,新竹縣,非都市土地,山坡地保育區,營業中,,不符合土地管制法規,是
新竹五峰_鐵露局露營區,新竹縣,非都市土地,農牧用地,營業中,,不符合土地管制法規,是
新竹五峰_露露米露營區,新竹縣,非都市土地,"林業用地       農牧用地",營業中,,不符合土地管制法規,是
新竹五峰_觀雲亭農莊,新竹縣,,,待確認,,,
新竹北埔_日光山城露營區,新竹縣,非都市土地,山坡地保育區,營業中,,不符合土地管制法規,尚待確認
新竹北埔_永茂森林山莊,新竹縣,非都市土地,山坡地保育區,營業中,,不符合土地管制法規,尚待確認
新竹北埔_金名柏屋休閒農莊,新竹縣,非都市土地,山坡地保育區,營業中,,不符合土地管制法規,尚待確認
新竹北埔_星月天空露營地,新竹縣,非都市土地,山坡地保育區,營業中,,不符合土地管制法規,尚待確認
新竹北埔_星院露營區,新竹縣,非都市土地,山坡地保育區,營業中,,不符合土地管制法規,尚待確認
"新竹尖石_116 那羅彎露營休閒園地",新竹縣,非都市土地,農牧用地,營業中,,不符合土地管制法規,是
"新竹尖石_6 號花園",新竹縣,非都市土地,農牧用地,營業中,,不符合土地管制法規,是
"新竹尖石_668 露營區",新竹縣,非都市土地,農牧用地,營業中,,不符合土地管制法規,是
"新竹尖石_Payan 露營區",新竹縣,非都市土地,農牧用地,營業中,,不符合土地管制法規,是
"新竹尖石_Yutas 悠達思露營區",新竹縣,非都市土地,農牧用地,營業中,,不符合土地管制法規,是
新竹尖石_一部落那羅休閒園區,新竹縣,非都市土地,農牧用地,營業中,,不符合土地管制法規,是
新竹尖石_八五山甜柿森林,新竹縣,非都市土地,農牧用地,營業中,,不符合土地管制法規,是
新竹尖石_八五森林露營地,新竹縣,非都市土地,農牧用地,營業中,,不符合土地管制法規,是
新竹尖石_大紫蛺蝶的家,新竹縣,非都市土地,農牧用地,營業中,,不符合土地管制法規,是
新竹尖石_小夫妻露營區,新竹縣,非都市土地,林業用地,營業中,,不符合土地管制法規,是
新竹尖石_小尖石露營區,新竹縣,非都市土地,農牧用地,營業中,,不符合土地管制法規,是
新竹尖石_小熊森林露營區,新竹縣,非都市土地,山坡地保育區,營業中,,不符合土地管制法規,是
新竹尖石_小錦屏露營區,新竹縣,非都市土地,農牧用地,營業中,,不符合土地管制法規,是
新竹尖石_山林涼露營區,新竹縣,非都市土地,農牧用地,營業中,,不符合土地管制法規,是
新竹尖石_友柏花園休閒農莊,新竹縣,非都市土地,農牧用地,營業中,,不符合土地管制法規,是
新竹尖石_天湖農園,新竹縣,非都市土地,山坡地保育區,營業中,,不符合土地管制法規,是
新竹尖石_尤命的帳幕,新竹縣,非都市土地,農牧用地,營業中,,不符合土地管制法規,是
新竹尖石_日日春露營區,新竹縣,非都市土地,農牧用地,營業中,,不符合土地管制法規,是
新竹尖石_比盧民宿露營區,新竹縣,非都市土地,農牧用地,營業中,,不符合土地管制法規,是
新竹尖石_水田谷露營區,新竹縣,非都市土地,丙種建築用地,營業中,,不符合土地管制法規,是
新竹尖石_水田營地,新竹縣,非都市土地,農牧用地,營業中,,不符合土地管制法規,是
新竹尖石_水茗漾民宿咖啡庭園,新竹縣,非都市土地,農牧用地,營業中,,不符合土地管制法規,是
新竹尖石_仙境露營區,新竹縣,非都市土地,農牧用地,營業中,,不符合土地管制法規,是
新竹尖石_北得拉曼休閒營地,新竹縣,非都市土地,農牧用地,營業中,,不符合土地管制法規,是
新竹尖石_半山腰休閒農園,新竹縣,非都市土地,"林業用地              農牧用地",營業中,,不符合土地管制法規,是
新竹尖石_司馬庫斯達宴露營區,新竹縣,非都市土地,林業用地,營業中,,不符合土地管制法規,是
新竹尖石_司馬庫斯舊部落營地,新竹縣,非都市土地,林業用地,營業中,,不符合土地管制法規,是
新竹尖石_左岸臻美營地,新竹縣,非都市土地,農牧用地,營業中,,不符合土地管制法規,是
新竹尖石_田中露營區,新竹縣,非都市土地,農牧用地,營業中,,不符合土地管制法規,是
新竹尖石_田野露營區,新竹縣,非都市土地,農牧用地,營業中,,不符合土地管制法規,是
新竹尖石_石上湯屋,新竹縣,非都市土地,農牧用地,營業中,,不符合土地管制法規,是
新竹尖石_石榴園露營中心,新竹縣,非都市土地,農牧用地,營業中,,不符合土地管制法規,是
新竹尖石_印象尖石露營區,新竹縣,非都市土地,農牧用地,營業中,,不符合土地管制法規,是
新竹尖石_回薌庭露營區,新竹縣,非都市土地,農牧用地,營業中,,不符合土地管制法規,是
"新竹尖石_多蛙露國手?家 (往營地叉路口)",新竹縣,非都市土地,農牧用地,營業中,,不符合土地管制法規,是
新竹尖石_好馬露營區,新竹縣,非都市土地,農牧用地,營業中,,不符合土地管制法規,是
新竹尖石_如果露營區,新竹縣,非都市土地,農牧用地,營業中,,不符合土地管制法規,是
新竹尖石_尖石之星一館,新竹縣,非都市土地,"林業用地              農牧用地",營業中,,不符合土地管制法規,是
新竹尖石_尖石之星二館,新竹縣,非都市土地,"林業用地              農牧用地",營業中,,不符合土地管制法規,是
新竹尖石_尖石之美露營區,新竹縣,非都市土地,農牧用地,營業中,,不符合土地管制法規,是
新竹尖石_尖石夢田露營區,新竹縣,非都市土地,農牧用地,營業中,,不符合土地管制法規,是
新竹尖石_米達樂也露營區,新竹縣,非都市土地,農牧用地,營業中,,不符合土地管制法規,是
新竹尖石_老爹打樁露營區,新竹縣,非都市土地,林業用地,營業中,,不符合土地管制法規,是
新竹尖石_自由大地露營區,新竹縣,非都市土地,農牧用地,營業中,,不符合土地管制法規,是
新竹尖石_自在茗園露營區,新竹縣,非都市土地,農牧用地,營業中,,不符合土地管制法規,是
新竹尖石_自然野趣營地,新竹縣,非都市土地,農牧用地,營業中,,不符合土地管制法規,是
新竹尖石_吹上露營區,新竹縣,非都市土地,農牧用地,營業中,,不符合土地管制法規,是
新竹尖石_快樂森活露營區,新竹縣,非都市土地,丙種建築用地,營業中,,不符合土地管制法規,是
新竹尖石_谷嘎的家,新竹縣,非都市土地,農牧用地,營業中,,不符合土地管制法規,是
新竹尖石_谷漢休閒露營區,新竹縣,非都市土地,農牧用地,營業中,,不符合土地管制法規,是
"新竹尖石_那羅 177-1 露營區",新竹縣,非都市土地,農牧用地,營業中,,不符合土地管制法規,是
新竹尖石_那羅山水露營區,新竹縣,非都市土地,山坡地保育區,營業中,,不符合土地管制法規,是
新竹尖石_那羅仙境露營區,新竹縣,非都市土地,農牧用地,營業中,,不符合土地管制法規,是
新竹尖石_函館露營區,新竹縣,非都市土地,農牧用地,營業中,,不符合土地管制法規,是
新竹尖石_孟享露營區,新竹縣,非都市土地,農牧用地,營業中,,不符合土地管制法規,是
新竹尖石_怪獸煤礦露營區,新竹縣,非都市土地,農牧用地,營業中,,不符合土地管制法規,是
新竹尖石_怪獸綠境露營區,新竹縣,非都市土地,農牧用地,營業中,,不符合土地管制法規,是
新竹尖石_怡然自德露營區,新竹縣,非都市土地,農牧用地,營業中,,不符合土地管制法規,是
新竹尖石_拉號部落野營地,新竹縣,非都市土地,農牧用地,營業中,,不符合土地管制法規,是
新竹尖石_武林帖,新竹縣,非都市土地,農牧用地,營業中,,不符合土地管制法規,是
新竹尖石_河岸營地,新竹縣,非都市土地,農牧用地,營業中,,不符合土地管制法規,是
新竹尖石_油羅溪森林花園,新竹縣,非都市土地,"農牧用地              丙種建築用地",營業中,,不符合土地管制法規,是
新竹尖石_芭芘蕾咖啡,新竹縣,非都市土地,農牧用地,營業中,,不符合土地管制法規,是
新竹尖石_芯岳露營區,新竹縣,非都市土地,林業用地,營業中,,不符合土地管制法規,是
新竹尖石_迎風露營廣場,新竹縣,非都市土地,乙種建築用地,營業中,,不符合土地管制法規,是
新竹尖石_金霧嵐露營區,新竹縣,非都市土地,農牧用地,營業中,,不符合土地管制法規,是
新竹尖石_金鶯露營園地,新竹縣,非都市土地,林業用地,營業中,,不符合土地管制法規,是
新竹尖石_阿悠以‧巴萊營地,新竹縣,非都市土地,農牧用地,營業中,,不符合土地管制法規,是
新竹尖石_非露不可露營區,新竹縣,非都市土地,農牧用地,營業中,,不符合土地管制法規,是
新竹尖石_南天筑露營區,新竹縣,非都市土地,農牧用地,營業中,,不符合土地管制法規,是
新竹尖石_哈用民宿,新竹縣,非都市土地,農牧用地,營業中,,不符合土地管制法規,是
新竹尖石_哈拉族露營地,新竹縣,非都市土地,山坡地保育區,營業中,,不符合土地管制法規,是
新竹尖石_春文草堂,新竹縣,非都市土地,農牧用地,營業中,,不符合土地管制法規,是
新竹尖石_相思園,新竹縣,非都市土地,山坡地保育區,營業中,,不符合土地管制法規,是
新竹尖石_看星星露營區,新竹縣,非都市土地,農牧用地,營業中,,不符合土地管制法規,是
新竹尖石_紅薔薇景觀花園餐廳,新竹縣,非都市土地,農牧用地,營業中,,不符合土地管制法規,是
新竹尖石_美樹營地,新竹縣,非都市土地,農牧用地,營業中,,不符合土地管制法規,是
新竹尖石_飛高高露營區,新竹縣,非都市土地,山坡地保育區,營業中,,不符合土地管制法規,是
新竹尖石_首嶺優號露營地,新竹縣,非都市土地,林業用地,營業中,,不符合土地管制法規,是
新竹尖石_香杉露營區,新竹縣,非都市土地,農牧用地,營業中,,不符合土地管制法規,是
新竹尖石_恩典露營區,新竹縣,非都市土地,農牧用地,營業中,,不符合土地管制法規,是
新竹尖石_浦楓露營區,新竹縣,非都市土地,農牧用地,營業中,,不符合土地管制法規,是
新竹尖石_秘花園休閒露營區,新竹縣,非都市土地,山坡地保育區,營業中,,不符合土地管制法規,是
新竹尖石_航道休閒露營區,新竹縣,非都市土地,山坡地保育區,營業中,,不符合土地管制法規,是
新竹尖石_起初露營區,新竹縣,非都市土地,農牧用地,營業中,,不符合土地管制法規,是
新竹尖石_馬月台露營區,新竹縣,非都市土地,農牧用地,營業中,,不符合土地管制法規,是
新竹尖石_馬里光肉哥露營區,新竹縣,非都市土地,"林業用地       農牧用地",營業中,,不符合土地管制法規,是
新竹尖石_馬里光瀑布原來營地,新竹縣,非都市土地,農牧用地,營業中,,不符合土地管制法規,是
"新竹尖石_馬胎 227 露營區",新竹縣,非都市土地,農牧用地,營業中,,不符合土地管制法規,是
新竹尖石_馬胎仙境露營區,新竹縣,非都市土地,"林業用地       農牧用地",營業中,,不符合土地管制法規,是
新竹尖石_高台山露營區,新竹縣,非都市土地,農牧用地,營業中,,不符合土地管制法規,是
新竹尖石_參陳山內灣旅店,新竹縣,非都市土地,農牧用地,營業中,,不符合土地管制法規,尚待確認
新竹尖石_彩虹山嶺,新竹縣,非都市土地,農牧用地,營業中,,不符合土地管制法規,是
新竹尖石_晨堡露營區,新竹縣,非都市土地,農牧用地,營業中,,不符合土地管制法規,是
新竹尖石_梅花山莊,新竹縣,非都市土地,農牧用地,營業中,,不符合土地管制法規,是
新竹尖石_梅花梯田露營區,新竹縣,非都市土地,山坡地保育區,營業中,,不符合土地管制法規,是
新竹尖石_梅淮露營區,新竹縣,非都市土地,農牧用地,營業中,,不符合土地管制法規,是
新竹尖石_清心忘憂露營區,新竹縣,非都市土地,林業用地,營業中,,不符合土地管制法規,是
新竹尖石_野薑花露營區,新竹縣,非都市土地,農牧用地,營業中,,不符合土地管制法規,是
新竹尖石_雪花?露營區,新竹縣,非都市土地,農牧用地,營業中,,不符合土地管制法規,是
新竹尖石_麥樹仁露營區,新竹縣,非都市土地,農牧用地,營業中,,不符合土地管制法規,是
新竹尖石_勞恩布妮的家,新竹縣,非都市土地,農牧用地,營業中,,不符合土地管制法規,是
新竹尖石_喜嵐田園露營區,新竹縣,非都市土地,農牧用地,營業中,,不符合土地管制法規,是
新竹尖石_喜樂露營區,新竹縣,非都市土地,農牧用地,營業中,,不符合土地管制法規,是
"新竹尖石_富爸營地 (往營地叉路口)",新竹縣,非都市土地,林業用地,營業中,,不符合土地管制法規,是
新竹尖石_晴空森林露營地,新竹縣,非都市土地,林業用地,營業中,,不符合土地管制法規,是
新竹尖石_景色天地露營區,新竹縣,非都市土地,農牧用地,營業中,,不符合土地管制法規,是
新竹尖石_森林海,新竹縣,非都市土地,農牧用地,營業中,,不符合土地管制法規,是
新竹尖石_舒活露營區,新竹縣,非都市土地,農牧用地,營業中,,不符合土地管制法規,是
新竹尖石_閑情園,新竹縣,非都市土地,農牧用地,營業中,,不符合土地管制法規,是
新竹尖石_新福露營區,新竹縣,非都市土地,農牧用地,營業中,,不符合土地管制法規,是
新竹尖石_萬里山園,新竹縣,非都市土地,農牧用地,營業中,,不符合土地管制法規,是
新竹尖石_達茂林露營農場,新竹縣,非都市土地,農牧用地,營業中,,不符合土地管制法規,是
新竹尖石_遇見嵨繞,新竹縣,非都市土地,農牧用地,營業中,,不符合土地管制法規,是
新竹尖石_雷沙達?斯露營區,新竹縣,非都市土地,農牧用地,營業中,,不符合土地管制法規,是
新竹尖石_慢森活露營區,新竹縣,非都市土地,農牧用地,營業中,,不符合土地管制法規,是
新竹尖石_瑪哪小木屋,新竹縣,非都市土地,農牧用地,營業中,,不符合土地管制法規,是
新竹尖石_瑪雅山莊,新竹縣,非都市土地,農牧用地,營業中,,不符合土地管制法規,尚待確認
新竹尖石_綠宥子甜柿果園露營區,新竹縣,非都市土地,農牧用地,營業中,,不符合土地管制法規,是
新竹尖石_豪祥露營區,新竹縣,非都市土地,農牧用地,營業中,,不符合土地管制法規,是
新竹尖石_嫻嫻＆棠棠露營區,新竹縣,非都市土地,林業用地,營業中,,不符合土地管制法規,是
新竹尖石_慕懷樹農莊,新竹縣,非都市土地,農牧用地,營業中,,不符合土地管制法規,是
新竹尖石_樂福親子有機農場,新竹縣,非都市土地,農牧用地,營業中,,不符合土地管制法規,是
新竹尖石_歐莎露營區,新竹縣,非都市土地,農牧用地,營業中,,不符合土地管制法規,是
新竹尖石_趣山林露營區,新竹縣,非都市土地,農牧用地,營業中,,不符合土地管制法規,是
新竹尖石_魯壁民宿,新竹縣,非都市土地,農牧用地,營業中,,不符合土地管制法規,是
新竹尖石_螢火蟲露營區,新竹縣,非都市土地,山坡地保育區,營業中,,不符合土地管制法規,是
新竹尖石_優美地民宿,新竹縣,非都市土地,農牧用地,營業中,,不符合土地管制法規,是
新竹尖石_鎮西堡日出露營地,新竹縣,非都市土地,農牧用地,營業中,,不符合土地管制法規,是
新竹尖石_懷蓿田園,新竹縣,非都市土地,"農牧用地       交通用地",營業中,,不符合土地管制法規,是
新竹尖石_霧津山林,新竹縣,非都市土地,農牧用地,營業中,,不符合土地管制法規,是
新竹尖石_寶石蘭露營區,新竹縣,非都市土地,農牧用地,營業中,,不符合土地管制法規,是
新竹尖石_櫻花谷露營區,新竹縣,非都市土地,農牧用地,營業中,,不符合土地管制法規,是
新竹尖石_觀星賞月營地,新竹縣,非都市土地,農牧用地,營業中,,不符合土地管制法規,是
"新竹竹東_Hi 燥樹排露營地",新竹縣,非都市土地,農牧用地,營業中,,不符合土地管制法規,否
新竹竹東_上坪森活露營區,新竹縣,非都市土地,山坡地保育區,營業中,,不符合土地管制法規,否
新竹峨眉_吾家農場,新竹縣,非都市土地,農牧用地,營業中,,不符合土地管制法規,否
新竹峨眉_哈囉露營區,新竹縣,非都市土地,農牧用地,營業中,,不符合土地管制法規,否
新竹峨眉_峨眉天池,新竹縣,非都市土地,山坡地保育區,營業中,,不符合土地管制法規,否
新竹峨眉_桐花谷露營區,新竹縣,非都市土地,農牧用地,營業中,,不符合土地管制法規,否
新竹峨眉_勝豐休閒農莊,新竹縣,非都市土地,山坡地保育區,營業中,,不符合土地管制法規,否
新竹峨眉_湖光山戀露營區,新竹縣,非都市土地,丙種建築用地,營業中,,不符合土地管制法規,否
新竹峨眉_紫水岸香草花園,新竹縣,非都市土地,農牧用地,營業中,,不符合土地管制法規,否
新竹峨眉_曜明雲雀山莊,新竹縣,非都市土地,農牧用地,營業中,,不符合土地管制法規,否
新竹峨嵋_樂窩露營區,新竹縣,非都市土地,山坡地保育區,營業中,,不符合土地管制法規,否
新竹湖口_地平線夜景露營區,新竹縣,非都市土地,農牧用地,營業中,,不符合土地管制法規,否
"新竹新埔_TBCtw 民宿露營",新竹縣,非都市土地,林業用地,營業中,,不符合土地管制法規,否
新竹新埔_明園星空茶園,新竹縣,非都市土地,農牧用地,營業中,,不符合土地管制法規,否
新竹新埔_墾園生態休閒渡假園區,新竹縣,非都市土地,農牧用地,營業中,,不符合土地管制法規,否
新竹新豐_小叮噹科學遊樂區,新竹縣,非都市土地,遊憩用地,營業中,符合發展觀光條例,,否
新竹橫山_大山北月,新竹縣,非都市土地,農牧用地,營業中,,不符合土地管制法規,尚待確認
新竹橫山_大山背小曠野營地,新竹縣,非都市土地,山坡地保育區,營業中,,不符合土地管制法規,尚待確認
新竹橫山_小牛仔休閒園區,新竹縣,非都市土地,山坡地保育區,營業中,,不符合土地管制法規,尚待確認
新竹橫山_內灣松林茶花露營區,新竹縣,非都市土地,山坡地保育區,營業中,,不符合土地管制法規,尚待確認
新竹橫山_水田內灣營地,新竹縣,非都市土地,農牧用地,營業中,,不符合土地管制法規,尚待確認
新竹橫山_北窩‧星空,新竹縣,非都市土地,農牧用地,營業中,,不符合土地管制法規,尚待確認
新竹橫山_油羅圓石露營區,新竹縣,非都市土地,農牧用地,營業中,,不符合土地管制法規,尚待確認
新竹橫山_南坪露營烤肉區,新竹縣,非都市土地,農牧用地,營業中,,不符合土地管制法規,尚待確認
新竹橫山_威尼斯內灣溫泉會館,新竹縣,非都市土地,農牧用地,營業中,,不符合土地管制法規,尚待確認
新竹橫山_星月橫山,新竹縣,非都市土地,農牧用地,營業中,,不符合土地管制法規,尚待確認
"新竹橫山_馬福 83 休閒露營區",新竹縣,非都市土地,農牧用地,營業中,,不符合土地管制法規,尚待確認
新竹橫山_野漾會館露營區,新竹縣,非都市土地,農牧用地,營業中,,不符合土地管制法規,尚待確認
新竹橫山_楓林露營區,新竹縣,非都市土地,農牧用地,營業中,,不符合土地管制法規,尚待確認
新竹橫山_溫馨庭園休閒農莊,新竹縣,非都市土地,農牧用地,營業中,,不符合土地管制法規,尚待確認
新竹橫山_萬瑞森林樂園,新竹縣,非都市土地,遊憩用地,營業中,符合發展觀光條例,,否
新竹橫山_落羽松草坪露營區,新竹縣,非都市土地,丙種建築用地,營業中,,不符合土地管制法規,尚待確認
新竹橫山_遊橘露營區,新竹縣,非都市土地,山坡地保育區,營業中,,不符合土地管制法規,尚待確認
新竹橫山_綠雲海露營區,新竹縣,非都市土地,林業用地,營業中,,不符合土地管制法規,尚待確認
新竹橫山_酷哥李休閒露營區,新竹縣,非都市土地,山坡地保育區,營業中,,不符合土地管制法規,尚待確認
"新竹關西_La vie 露營",新竹縣,非都市土地,農牧用地,營業中,,不符合土地管制法規,否
新竹關西_大象露營地,新竹縣,非都市土地,農牧用地,營業中,,不符合土地管制法規,否
新竹關西_月出山澗,新竹縣,非都市土地,農牧用地,營業中,,不符合土地管制法規,否
新竹關西_生活原鄉民宿露營區,新竹縣,非都市土地,農牧用地,營業中,,不符合土地管制法規,否
新竹關西_托斯卡尼,新竹縣,非都市土地,農牧用地,營業中,,不符合土地管制法規,否
新竹關西_旺禾農莊,新竹縣,非都市土地,農牧用地,營業中,,不符合土地管制法規,否
新竹關西_青境花墅,新竹縣,非都市土地,農牧用地,營業中,,不符合土地管制法規,否
新竹關西_星野露營窩,新竹縣,非都市土地,農牧用地,營業中,,不符合土地管制法規,否
新竹關西_飛鳳園農場,新竹縣,非都市土地,農牧用地,營業中,,不符合土地管制法規,否
新竹關西_格努斯休閒農場,新竹縣,非都市土地,農牧用地,營業中,,不符合土地管制法規,否
新竹關西_馬武督露營趣,新竹縣,非都市土地,農牧用地,營業中,,不符合土地管制法規,否
新竹關西_彩虹田營地,新竹縣,非都市土地,農牧用地,營業中,,不符合土地管制法規,否
新竹關西_斯摩亞露營地,新竹縣,非都市土地,農牧用地,營業中,,不符合土地管制法規,否
新竹關西_萊馥健康休閒渡假村,新竹縣,非都市土地,丙種建築用地,營業中,,不符合土地管制法規,否
新竹關西_萌萌噠露營窩,新竹縣,非都市土地,農牧用地,營業中,,不符合土地管制法規,否
新竹關西_雲海休閒茶廠,新竹縣,非都市土地,農牧用地,營業中,,不符合土地管制法規,否
新竹關西_樸真園六曲窩露營區,新竹縣,非都市土地,林業用地,營業中,,不符合土地管制法規,否
新竹關西_營墅風晴露營區,新竹縣,非都市土地,農牧用地,營業中,,不符合土地管制法規,否
新竹關西_羅馬之戀,新竹縣,非都市土地,農牧用地,營業中,,不符合土地管制法規,否
新竹寶山_新城風糖休閒園區,新竹縣,非都市土地,山坡地保育區,營業中,,不符合土地管制法規,尚待確認
蘭潭露營區,嘉義市,都市土地,露營區,營業中,第一、二波公告,,─
八寶寮休閒農場,嘉義縣,,,營業中,符合休閒農業輔導管理辦法,,
下楫國小,嘉義縣,,,營業中,第一、二波公告,,
"石硦林場
 (天望崎自然教學園區)",嘉義縣,,,營業中,第一、二波公告,,
石硦童軍,嘉義縣,,,營業中,第一、二波公告,,
嘉義大埔_大埔湖濱公園,嘉義縣,都市土地,,營業中,第一、二波公告,,
嘉義大埔_跳跳生態農場,嘉義縣,非都市土地,,營業中,,區域計畫法,
嘉義中埔_空島露營區,嘉義縣,,,待確認,,,
嘉義中埔_野孩子露營區,嘉義縣,無地段號，無法判定。,,營業中,待清查,待清查,
嘉義中埔_築夢森居,嘉義縣,非都市土地,農牧用地,營業中,,區域計畫法,
嘉義太保_鄉村休閒露營區,嘉義縣,都市土地,,營業中,,違反都市計畫法,
嘉義水上_吉恩典山丘,嘉義縣,非都市土地,農牧用地,營業中,,區域計畫法,
嘉義水上_楚漢親子露營區,嘉義縣,非都市土地,特定目的事業用地,營業中,待清查,待清查,
嘉義民雄_松田崗休閒農莊(停業中),嘉義縣,非都市土地,特定目的事業用地,無營業,,,
嘉義民雄_金桔農莊,嘉義縣,都市土地,,營業中,待清查,待清查,
嘉義民雄_納米運動休閒園區,嘉義縣,都市土地,,營業中,待清查,待清查,
嘉義竹崎_山中曉露,嘉義縣,非都市土地,林業用地,營業中,,"森林法
區域計畫法",
嘉義竹崎_天一露營區,嘉義縣,非都市土地,農牧用地,營業中,,區域計畫法,
嘉義竹崎_火花山丘樹屋同露會,嘉義縣,無地段號，無法判定。,,營業中,待清查,待清查,
嘉義竹崎_仙坪露螢區,嘉義縣,非都市土地,林業用地,營業中,,"森林法
區域計畫法",
嘉義竹崎_仙腳趾景觀露營園區,嘉義縣,非都市土地,農牧用地,營業中,,區域計畫法,
嘉義竹崎_白樹腳驛棧,嘉義縣,非都市土地,農牧用地,營業中,,區域計畫法,
嘉義竹崎_石窯園露營區,嘉義縣,非都市土地,農牧用地,營業中,,區域計畫法,
嘉義竹崎_禾晟露營區,嘉義縣,非都市土地,丙種建築用地,營業中,"1.符合區域計畫法規定。
2.符合飲用水管理條例。",,
嘉義竹崎_光華露營區,嘉義縣,非都市土地,農牧用地,營業中,,區域計畫法,
嘉義竹崎_老查民宿,嘉義縣,非都市土地,丙種建築用地,營業中,"1.符合區域計畫法規定。
2.符合飲用水管理條例。",,
嘉義竹崎_星空露營區,嘉義縣,非都市土地,農牧用地,營業中,,區域計畫法,
嘉義竹崎_頂笨仔民宿露營區,嘉義縣,非都市土地,農牧用地,營業中,,區域計畫法,
嘉義竹崎_頂笨仔露營區,嘉義縣,非都市土地,農牧用地,營業中,,區域計畫法,
嘉義竹崎_景山露營區,嘉義縣,非都市土地,農牧用地,營業中,,區域計畫法,
嘉義竹崎_景美露營區,嘉義縣,非都市土地,林業用地,營業中,,"森林法
區域計畫法",
嘉義竹崎_湘泉螢火蟲露營區,嘉義縣,非都市土地,農牧用地,營業中,,區域計畫法,
嘉義竹崎_雲景咖啡露營區,嘉義縣,非都市土地,林業用地,營業中,,"森林法
區域計畫法",
嘉義竹崎_雲櫻園露營區,嘉義縣,非都市土地,林業用地,營業中,,"森林法
區域計畫法",
嘉義竹崎_塘湖古道農場,嘉義縣,非都市土地,農牧用地,營業中,,區域計畫法,
嘉義竹崎_綠花園休閒民宿,嘉義縣,非都市土地,農牧用地,營業中,,區域計畫法,
嘉義東區_蘭潭國中,嘉義縣,,,待確認,,,
嘉義阿里山_七彩琉璃生態農園,嘉義縣,非都市土地,林業用地,營業中,,"森林法
區域計畫法",原住民保留地
嘉義阿里山_小森林農園露營區,嘉義縣,非都市土地,農牧用地,營業中,,區域計畫法,
"嘉義阿里山_山樂園露營區 (一起鄒咖啡店)",嘉義縣,無地段號，無法判定。,,營業中,待清查,待清查,
嘉義阿里山_古拉農家,嘉義縣,,,待確認,,,
嘉義阿里山_禾田露營場,嘉義縣,無地段號，無法判定。,,營業中,待清查,待清查,原住民保留地
嘉義阿里山_伊利雅娜露營區,嘉義縣,非都市土地,農牧用地,營業中,,區域計畫法,原住民保留地
嘉義阿里山_有夠遠露營區,嘉義縣,非都市土地,農牧用地,營業中,,區域計畫法,原住民保留地
嘉義阿里山_杉緣星空露營區,嘉義縣,非都市土地,農牧用地,營業中,,區域計畫法,原住民保留地
嘉義阿里山_汪爸露營區,嘉義縣,非都市土地,農牧用地,營業中,,區域計畫法,原住民保留地
嘉義阿里山_亞亞足農場,嘉義縣,非都市土地,農牧用地,營業中,,區域計畫法,原住民保留地
"嘉義阿里山_受不寮露營區 (達邦社區往營地路口)",嘉義縣,都市土地,,營業中,待清查,待清查,
嘉義阿里山_阿里山有機小農露營區,嘉義縣,非都市土地,農牧用地,營業中,,區域計畫法,
"嘉義阿里山_阿將的家 23 咖啡館",嘉義縣,非都市土地,農牧用地,營業中,,區域計畫法,原住民保留地
嘉義阿里山_哈莫瓦那露營區,嘉義縣,非都市土地,特定目的事業用地,營業中,待清查,待清查,原住民保留地
嘉義阿里山_倉伯露營區,嘉義縣,非都市土地,農牧用地,營業中,,區域計畫法,原住民保留地
嘉義阿里山_迷糊露營區,嘉義縣,無地段號，無法判定。,,營業中,待清查,待清查,原住民保留地
"嘉義阿里山_高美休閒營區 (往營地叉路口)",嘉義縣,無地段號，無法判定。,,營業中,待清查,待清查,
嘉義阿里山_鄒築園,嘉義縣,非都市土地,農牧用地,營業中,,區域計畫法,
嘉義阿里山_鄭媽露營區,嘉義縣,非都市土地,農牧用地,營業中,,區域計畫法,
嘉義阿里山_豐賓山莊,嘉義縣,無地段號，無法判定。,,營業中,待清查,待清查,
嘉義阿里山_麓盹休閒庭園,嘉義縣,無地段號，無法判定。,,營業中,待清查,待清查,原住民保留地
嘉義阿里山_蘭后渡假民宿,嘉義縣,無地段號，無法判定。,,營業中,待清查,待清查,
嘉義梅山_大巃頂觀光茶園休閒民宿,嘉義縣,非都市土地,,營業中,,區域計畫法,
嘉義梅山_天香茶廠民宿(已歇業),嘉義縣,非都市土地,,無營業,,,
嘉義梅山_日麗風合露營區,嘉義縣,非都市土地,農牧用地,營業中,,區域計畫法,
嘉義梅山_幼葉林露營區,嘉義縣,無地段號，無法判定。,,營業中,待清查,待清查,
嘉義梅山_竹坑民宿(已歇業),嘉義縣,非都市土地,農牧用地,無營業,,,
嘉義梅山_良亭花岩露營區,嘉義縣,非都市土地,農牧用地,營業中,,區域計畫法,
嘉義梅山_油車寮露營區,嘉義縣,非都市土地,農牧用地,營業中,,區域計畫法,
嘉義梅山_芳秀露營區,嘉義縣,非都市土地,農牧用地,營業中,,區域計畫法,
嘉義梅山_初果森造露營園區,嘉義縣,無地段號，無法判定。,,營業中,待清查,待清查,
"嘉義梅山_阿嬤柑仔店露營區 (已歇業)",嘉義縣,非都市土地,農牧用地,無營業,,,
嘉義梅山_振峯製茶所,嘉義縣,非都市土地,丙種建築用地,營業中,"1.符合區域計畫法規定。
2.符合飲用水管理條例。",,
嘉義梅山_雲端清境露營區,嘉義縣,無地段號，無法判定。,,營業中,待清查,待清查,
嘉義梅山_瑞里雲淡風輕露營區,嘉義縣,無地段號，無法判定。,,營業中,待清查,待清查,
嘉義梅山_蕙茗園餐廳露營,嘉義縣,無地段號，無法判定。,,營業中,待清查,待清查,
"嘉義番路_半天岩 10 號露營區",嘉義縣,無地段號，無法判定。,,營業中,待清查,待清查,
嘉義番路_半天岩梅王親子露營區,嘉義縣,非都市土地,農牧用地,營業中,,區域計畫法,
嘉義番路_好柿抵嘉,嘉義縣,無地段號，無法判定。,,營業中,待清查,待清查,
嘉義番路_老正一製茶民宿露營,嘉義縣,非都市土地,特定目的事業用地,營業中,待清查,待清查,
嘉義番路_岩仔腳休閒露營區,嘉義縣,非都市土地,農牧用地,營業中,待清查,待清查,
嘉義番路_阿里山龍美雲霧露營區,嘉義縣,非都市土地,丙種建築用地,營業中,符合區域計畫法,,原住民保留地
嘉義番路_星月傳說露營區,嘉義縣,無地段號，無法判定。,,待確認,,,
嘉義番路_清風皓月露營區,嘉義縣,無地段號，無法判定。,,待確認,,,
嘉義番路_童年綠野渡假村,嘉義縣,都市土地,,營業中,待清查,待清查,
"嘉義番路_雷公農場渡假村 (往營地叉路口)",嘉義縣,非都市土地,交通用地,營業中,待清查,待清查,
嘉義番路_隙頂樹蛙莊園,嘉義縣,,,待確認,,,
嘉義番路_龍頂山露營區,嘉義縣,無地段號，無法判定。,,營業中,待清查,待清查,
嘉義番路_龍銀山露營區,嘉義縣,非都市土地,農牧用地,營業中,待清查,待清查,
日華育樂事業有限公司-彰化縣花壇鄉灣雅村三芬路360號,彰化縣,,,待確認,具有稅籍登記,,
清水岩童軍營地,彰化縣,,,營業中,第一、二波公告,,
彰化二水_蓮荷果休閒農園,彰化縣,非都市土地,未編定,營業中,待清查,待清查,無
彰化二林_二林中科露營農場,彰化縣,非都市土地,農牧用地,營業中,待清查,待清查,無
彰化社頭_阿信的家,彰化縣,非都市土地,農牧用地,營業中,待清查,待清查,無
彰化花壇_台灣民俗村,彰化縣,非都市土地,遊憩用地,營業中,待清查,待清查,無
彰化花壇_灰鷹露營區,彰化縣,非都市土地,農牧用地,營業中,待清查,待清查,無
彰化芬園_一星伴露營區,彰化縣,非都市土地,農牧用地,營業中,待清查,待清查,無
彰化埔鹽_鹿營去,彰化縣,非都市土地,農牧用地,營業中,待清查,待清查,無
彰化溪洲_木屋咖啡館,彰化縣,非都市土地,農牧用地,營業中,待清查,待清查,無
彰化溪湖_沐卉親子農場,彰化縣,都市土地,,營業中,待清查,待清查,無
彰化溪湖_魁地奇漆彈場,彰化縣,都市土地,,營業中,待清查,待清查,無
彰化彰化_百孝露營文教區,彰化縣,都市土地,森林公園用地,營業中,待清查,待清查,無
彰化福興_蝴蝶家開心農場,彰化縣,非都市土地,農牧用地,營業中,待清查,待清查,無
中華民國農會休閒綜合農牧場休閒農場,臺中市,,,營業中,符合休閒農業輔導管理辦法,,
中華客家土樓開發股份有限公司-臺中市和平區南勢里東關路三段3-9號,臺中市,,,待確認,具有稅籍登記,,
台中大甲_海陸空農場,臺中市,非都市土地,農牧用地,營業中,,違章建築，違反農發條例,
台中太平_石苓湖七里香森林,臺中市,非都市土地,林業用地,營業中,,違章建築，非都市地使用管制規則,
台中太平_高巢森活,臺中市,非都市土地,農牧用地,營業中,,違章建築，非都市地使用管制規則,
台中太平_磨仔墩故事島,臺中市,非都市土地,交通用地,營業中,,違章建築，違反農發條例,
"台中太平_臻愛小山 (興豐宮路口)",臺中市,非都市土地,水利用地,營業中,,違章建築，非都市地使用管制規則,
台中北屯_山河戀咖啡,臺中市,都市土地,公園用地,營業中,,違章建築，都市土地使用管制規則,
台中北屯_中正露營區,臺中市,非都市土地,,營業中,教育局轄管合法露營區,,
台中北屯_青青湖畔親水花園,臺中市,都市土地,都內道路,營業中,,都市土地使用管制規則,
台中外埔_太陽湖自然有機農場,臺中市,非都市土地,農牧用地,營業中,,非都市地使用管制規則,
台中外埔_洪爺爺菜園,臺中市,非都市土地,丙建,營業中,待清查,待清查,
台中外埔_鐵山腳單車運動村,臺中市,非都市土地,丁建,營業中,待清查,待清查,
台中石岡_沙連墩戶外探索學習營地,臺中市,非都市土地,農牧用地,營業中,,違章建築，非都市地使用管制規則，未辦理稅籍登記,
台中石岡_家樂園溪景露營區,臺中市,非都市土地,農牧用地,營業中,,違章建築，非都市地使用管制規則，未辦理稅籍登記,
台中后里_一境頭田園風露營區,臺中市,非都市土地,農牧用地,營業中,,違章建築，非都市地使用管制規則，未辦理稅籍登記,
台中后里_水映親子露營區,臺中市,非都市土地,農牧用地,營業中,,違章建築，非都市地使用管制規則，未辦理稅籍登記,
台中后里_田園樂休閒農莊,臺中市,非都市土地,未登錄地,營業中,,非都市地使用管制規則，未辦理稅籍登記,
"台中后里_李先生 1-6 秘境",臺中市,非都市土地,農牧用地,營業中,,非都市地使用管制規則，未辦理稅籍登記,
台中后里_沙發后花園,臺中市,非都市土地,農牧用地,營業中,,違章建築，非都市地使用管制規則,
台中后里_星月大地,臺中市,非都市土地,農牧用地,營業中,,非都市地使用管制規則,
台中后里_泰安驛站露營區,臺中市,非都市土地,農牧用地,營業中,,違章建築，非都市地使用管制規則，未辦理稅籍登記,
台中后里_悠遊親子露營區,臺中市,非都市土地,農牧用地,營業中,,非都市地使用管制規則，未辦理稅籍登記,
台中后里_魚米樂農場,臺中市,非都市土地,未登錄地,營業中,,非都市地使用管制規則，未辦理稅籍登記,
台中后里_鳳凰山農場民宿,臺中市,非都市土地,農牧用地,營業中,,違章建築，非都市地使用管制規則,
台中后里_橘祥合院,臺中市,非都市土地,農牧用地,營業中,,違章建築，非都市地使用管制規則,
台中后里_親泉農莊,臺中市,非都市土地,未登錄地,營業中,,非都市地使用管制規則,
台中西屯_藍陽花園,臺中市,都市土地,,營業中,,都市土地使用管制規則,
"台中和平_Payas の家露營區",臺中市,非都市土地,未編,營業中,,非都市地使用管制規則,是
台中和平_八仙山春露茶園營區,臺中市,非都市土地,未編,營業中,,非都市地使用管制規則，未辦理稅籍登記,是
台中和平_八起露營區,臺中市,都市土地,未編,營業中,,違章建築，都市土地使用管制規則，未辦理稅籍登記,是
台中和平_十七哩園藝露營區,臺中市,非都市土地,新增尚未稽查,營業中,待清查,待清查,是
台中和平_久良栖露營區,臺中市,非都市土地,農牧用地,營業中,,違章建築，非都市地使用管制規則,是
台中和平_大棟農場,臺中市,非都市土地,農牧用地,營業中,,違章建築，非都市地使用管制規則，未辦理稅籍登記,是
台中和平_司卡尤納露營區,臺中市,非都市土地,農牧用地,營業中,,違章建築，非都市地使用管制規則，未辦理稅籍登記,是
台中和平_打獵季節露營區,臺中市,非都市土地,特定用地,營業中,原民會委外管理,,是
台中和平_瓦浪休閒農園,臺中市,非都市土地,農牧用地,營業中,,違章建築，非都市地使用管制規則,是
台中和平_石壁露營區,臺中市,非都市土地,農牧用地,營業中,,違章建築，非都市地使用管制規則，未辦理稅籍登記,是
台中和平_仚跡緣山居,臺中市,非都市土地,未編,營業中,,非都市地使用管制規則，未辦理稅籍登記,是
台中和平_吉娃斯咖啡莊園歡喜營地,臺中市,非都市土地,農牧用地,營業中,,違章建築，非都市地使用管制規則，未辦理稅籍登記,是
台中和平_同心行露營區,臺中市,非都市土地,農牧用地,營業中,,非都市地使用管制規則，未辦理稅籍登記,是
台中和平_何必館,臺中市,非都市土地,農牧用地,營業中,,非都市地使用管制規則，未辦理稅籍登記,是
台中和平_岑園露營區,臺中市,非都市土地,農牧用地,營業中,,違章建築，非都市地使用管制規則,是
台中和平_谷雲台渡假休閒區,臺中市,非都市土地,農牧用地,營業中,,違章建築，非都市地使用管制規則，未辦理稅籍登記,是
台中和平_里浪露營區,臺中市,非都市土地,農牧用地,營業中,,非都市地使用管制規則，未辦理稅籍登記,是
台中和平_和平庭園,臺中市,非都市土地,農牧用地,營業中,,非都市地使用管制規則，未辦理稅籍登記,是
台中和平_松風谷露營區,臺中市,非都市土地,農牧用地,營業中,,違章建築，非都市地使用管制規則，未辦理稅籍登記,是
台中和平_松滋露營區,臺中市,非都市土地,農牧用地,營業中,,違章建築，非都市地使用管制規則,是
台中和平_哈露米露營區,臺中市,非都市土地,農牧用地,營業中,,違章建築，非都市地使用管制規則,是
台中和平_原野露營區,臺中市,非都市土地,交通用地,營業中,,非都市地使用管制規則，未辦理稅籍登記,是
台中和平_神農谷,臺中市,非都市土地,農牧用地,營業中,,違章建築，非都市地使用管制規則，未辦理稅籍登記,是
台中和平_神駒谷養身場,臺中市,都市土地,未登錄地,營業中,,違章建築，都市土地使用管制規則，未辦理稅籍登記,是
台中和平_紐西蘭牧場露營區,臺中市,非都市土地,農牧用地,營業中,,違章建築，非都市地使用管制規則，未辦理稅籍登記,是
台中和平_馬告的傳奇,臺中市,非都市土地,農牧用地,營業中,,非都市地使用管制規則,是
"台中和平_馬崙山 S.K.Y 營地",臺中市,非都市土地,農牧用地,營業中,,違章建築，非都市地使用管制規則,是
台中和平_高地農場,臺中市,非都市土地,農牧用地,營業中,,違章建築，非都市地使用管制規則,是
台中和平_挹翠谷露營區,臺中市,非都市土地,未編,營業中,,違章建築，非都市地使用管制規則，未辦理稅籍登記,是
台中和平_覓靜莊園,臺中市,非都市土地,未編,營業中,,違章建築，非都市地使用管制規則，未辦理稅籍登記,是
台中和平_雪山坑咖啡露營區,臺中市,非都市土地,未登錄地,營業中,,違章建築，非都市地使用管制規則，未辦理稅籍登記,是
台中和平_雅谷露營區,臺中市,非都市土地,甲建用地,營業中,,違章建築，非都市地使用管制規則，未辦理稅籍登記,是
台中和平_菘畫居露營會館,臺中市,非都市土地,農牧用地,營業中,,違章建築，非都市地使用管制規則,是
台中和平_裡冷溪探索園區,臺中市,非都市土地,農牧用地,營業中,,非都市地使用管制規則,是
台中和平_達娜萊露營區,臺中市,非都市土地,農牧用地,營業中,,違章建築，非都市地使用管制規則,是
台中和平_達緄的家,臺中市,非都市土地,待查,營業中,,非都市地使用管制規則，未辦理稅籍登記,是
台中和平_熊爸營地,臺中市,非都市土地,農牧用地,營業中,,違章建築，非都市地使用管制規則,是
台中和平_福壽山農場,臺中市,非都市土地,,營業中,退輔會轄管合法露營區,,是
台中和平_舞象露營區,臺中市,非都市土地,農牧用地,營業中,,非都市地使用管制規則，未辦理稅籍登記,是
台中和平_德芙蘭農場,臺中市,非都市土地,農牧用地,營業中,,非都市地使用管制規則,是
台中和平_樂悠悠露營區,臺中市,非都市土地,新增尚未稽查,營業中,待清查,待清查,是
台中和平_歐賓露營區,臺中市,非都市土地,農牧用地,營業中,,違章建築，非都市地使用管制規則,是
台中和平_蕗卡營地,臺中市,都市土地,未編,營業中,,違章建築，都市土地使用管制規則，未辦理稅籍登記,是
"台中和平_雙香露營區 (自由國小)",臺中市,非都市土地,特定用地,營業中,,非都市地使用管制規則,是
台中東勢_大雪山觀山嶺露營區,臺中市,非都市土地,新增尚未稽查,營業中,待清查,待清查,
台中東勢_山水雲生態農園,臺中市,非都市土地,農牧用地,營業中,,非都市地使用管制規則，未辦理稅籍登記,
台中東勢_五福畊讀露營區,臺中市,非都市土地,農牧用地,營業中,符合休閒農業輔導管理辦法,,
台中東勢_六桂園露營區,臺中市,非都市土地,農牧用地,營業中,,非都市地使用管制規則，未辦理稅籍登記,
台中東勢_心禾園觀光果園,臺中市,非都市土地,農牧用地,營業中,,違反農發條例，未辦理稅籍登記,
台中東勢_白俄羅斯娃娃的家,臺中市,非都市土地,丙建,營業中,合法休閒農場,,
台中東勢_東勢林場遊樂區,臺中市,非都市土地,遊憩用地,營業中,合法露營區,,
台中東勢_彩虹奇菁,臺中市,非都市土地,農牧用地,營業中,,非都市地使用管制規則，未辦理稅籍登記,
台中東勢_喜樂之地,臺中市,非都市土地,農牧用地,營業中,,違章建築，非都市地使用管制規則,
台中東勢_森林小鹿,臺中市,非都市土地,農牧用地,營業中,,違章建築，非都市地使用管制規則，未辦理稅籍登記,
台中東勢_圓緣園露營區,臺中市,非都市土地,農牧用地,營業中,,非都市地使用管制規則，未辦理稅籍登記,
"台中新社_Momo 佳園民宿露營區",臺中市,非都市土地,農牧用地,營業中,,違章建築，非都市地使用管制規則,
台中新社_八八驛站,臺中市,非都市土地,農牧用地,營業中,,非都市地使用管制規則，未辦理稅籍登記,
台中新社_小路露營區,臺中市,非都市土地,農牧用地,營業中,,非都市地使用管制規則，未辦理稅籍登記,
台中新社_山沐斯達民宿露營區,臺中市,非都市土地,農牧用地,營業中,,非都市地使用管制規則，未辦理稅籍登記,
台中新社_山悅休閒庭園,臺中市,非都市土地,農牧用地,營業中,,違章建築，非都市地使用管制規則,
台中新社_水雲居露營區,臺中市,非都市土地,林業用地,營業中,,違章建築，非都市地使用管制規則，未辦理稅籍登記,
台中新社_四分之三露營區,臺中市,非都市土地,農牧用地,營業中,,違章建築，非都市地使用管制規則,
台中新社_白毛台山居歲月,臺中市,非都市土地,農牧用地,營業中,,違章建築，非都市地使用管制規則,原住民保留地
台中新社_吾居無束,臺中市,非都市土地,農牧用地,營業中,,違章建築，非都市地使用管制規則,
台中新社_李白梵谷露露山丘,臺中市,非都市土地,林業用地,營業中,,非都市地使用管制規則，未辦理稅籍登記,
台中新社_沐心泉休閒農場,臺中市,非都市土地,農牧用地,無營業,,,
台中新社_恩地生態露營區,臺中市,非都市土地,農牧用地,營業中,,違章建築，非都市地使用管制規則,
台中新社_梅林親水岸,臺中市,非都市土地,未登錄地,營業中,,違章建築，非都市地使用管制規則,
台中新社_清悠露營區,臺中市,非都市土地,農牧用地,營業中,,非都市地使用管制規則，未辦理稅籍登記,
台中新社_嵐山驛站,臺中市,非都市土地,農牧用地,營業中,,違章建築，非都市地使用管制規則,
台中新社_綠大地露營咖啡農場,臺中市,非都市土地,農牧用地,營業中,,非都市地使用管制規則，未辦理稅籍登記,
"台中新社_趣露營 (往營地叉路口)",臺中市,非都市土地,農牧用地,營業中,,"財政部國有財產署提供占用國有非公用土地之露營場
違章建築，非都市地使用管制規則",
台中新社_頭櫃山露營區,臺中市,非都市土地,農牧用地,營業中,,違章建築，非都市地使用管制規則,
台中新社_櫻花鳥森林露營區,臺中市,非都市土地,農牧用地,營業中,,違章建築，非都市地使用管制規則,
台中豐原_情人谷莊園,臺中市,非都市土地,待查,營業中,,非都市地使用管制規則,
台中豐原_葫田水鄉,臺中市,都市土地,,營業中,,都市土地使用管制規則,
台中霧峰_那個屋露營區,臺中市,非都市土地,林業用地,營業中,,違章建築，非都市地使用管制規則,
台中霧峰_峰星夜情休閒餐廳,臺中市,非都市土地,農牧用地,營業中,,違章建築，非都市地使用管制規則,
"台中霧峰_野 Fun 趣露營區",臺中市,非都市土地,農牧用地,營業中,,違章建築，非都市地使用管制規則,
流星花園農場：臺中市豐原區南嵩里水源路坪頂巷８號,臺中市,,,待確認,具有稅籍登記,,
財團法人臺中市私立信望愛智能發展中心附設沙發后花園-臺中市后里區泰安里福興路59-8號,臺中市,,,待確認,具有稅籍登記,,
梅花園有限公司-臺中市新社區協成里鄰南華街８－號,臺中市,,,待確認,具有稅籍登記,,
荳芽菜休閒農場,臺中市,,,營業中,符合休閒農業輔導管理辦法,,
陽光樂活飲食店-臺中市北屯區民德里東山路２段１８８號,臺中市,,,待確認,具有稅籍登記,,
微笑休閒農場,臺中市,,,營業中,符合休閒農業輔導管理辦法,,
新社蓮園休閒農場,臺中市,,,營業中,符合休閒農業輔導管理辦法,,
新龍崗營區,臺中市,,,營業中,第一、二波公告,,
廚匠休閒農場,臺中市,,,營業中,符合休閒農業輔導管理辦法,,
德芙蘭園藝行-臺中市和平區博愛里東關路一段３６０－５號,臺中市,,,待確認,具有稅籍登記,,
輝鴻育樂有限公司-臺中市北屯區和平里東山路１段４５９號,臺中市,,,待確認,具有稅籍登記,,
三民國中,臺北市,,,營業中,第一、二波公告,,
台北市北投_陽明山童軍苗圃營地,臺北市,,,待確認,,,
格致國中,臺北市,,,營業中,第一、二波公告,,
桃源國中,臺北市,,,營業中,第一、二波公告,,
新民國中,臺北市,,,營業中,第一、二波公告,,
臺北市士林_菁山遊憩區,臺北市,,,營業中,第一、二波公告,,
臺北市士林_雙溪國小,臺北市,都市土地,國小用地（公共設施用地）,營業中,都市計畫法,,否
臺北市內湖_碧山露營場,臺北市,都市土地,露營專用區,營業中,土地使用分區管制規則,,否
臺北市北投_貴子坑露營場,臺北市,都市土地,保護區,營業中,土地使用分區管制規則,,否
臺北市萬華_華中露營場,臺北市,非都市土地,河川區,營業中,「河川管理辦法」及「臺北市公園管理自治條例」,,否
2.無名稱露營平台(臺東縣太麻里鄉佳崙380號附近),臺東縣,,,營業中,,財政部國有財產署提供占用國有非公用土地之露營場,
台東大武_星月海農場,臺東縣,非都市土地,農牧用地,營業中,待清查,待清查,是
"台東太麻里_CocoSPA 椰璽別莊",臺東縣,非都市土地,農牧用地,營業中,,違反區域計畫法,是
台東太麻里_米之谷溫泉民宿,臺東縣,非都市土地,農牧用地,營業中,,違反區域計畫法,是
台東太麻里_沙崙曙光露營地,臺東縣,非都市土地,農牧用地,營業中,待清查,待清查,是
台東太麻里_佳椿御民宿,臺東縣,非都市土地,農牧用地,營業中,待清查,待清查,
台東太麻里_金山星空野營區,臺東縣,非都市土地,農牧用地,營業中,待清查,待清查,是
台東太麻里_金山啞口野營區,臺東縣,非都市土地,農牧用地,營業中,待清查,待清查,
台東太麻里_星星與蟹露營區,臺東縣,非都市土地,國土保安用地,營業中,待清查,待清查,
台東太麻里_庭園咖啡民宿,臺東縣,非都市土地,農牧用地,營業中,待清查,待清查,是
台東太麻里_富之山溫泉民宿,臺東縣,非都市土地,農牧用地,營業中,待清查,待清查,是
台東太麻里_陽明山莊,臺東縣,待確認,待確認,營業中,待清查,待清查,
台東太麻里_集賢山莊,臺東縣,非都市土地,林業用地,營業中,待清查,待清查,是
台東太麻里_遠山功夫浴場,臺東縣,非都市土地,農牧用地,營業中,,違反區域計畫法,是
"台東太麻里_魯嘛背包客棧露營區 (往營地叉路口)",臺東縣,非都市土地,農牧用地,營業中,待清查,待清查,
台東台東_小野柳露營區,臺東縣,都市土地,甲種遊樂區,營業中,第一、二波公告,,
台東台東_快樂天堂露營區,臺東縣,非都市土地,農牧用地,營業中,待清查,待清查,
台東台東_知本山莊,臺東縣,非都市土地,農牧用地,待確認,,,
台東成功_大統休閒旅館,臺東縣,非都市土地,農牧用地,營業中,,違反區域計畫法,
台東成功_不想回家露營區,臺東縣,非都市土地,農牧用地,營業中,,違反區域計畫法,
台東成功_比西里岸露營區,臺東縣,非都市土地,乙種建築用地,營業中,待清查,待清查,
台東成功_白守蓮生態園區,臺東縣,非都市土地,農牧用地,營業中,待清查,待清查,
台東成功_旮祭來露營區,臺東縣,非都市土地,農牧用地,營業中,待清查,待清查,
台東成功_奇拉巴扇部落屋露營區,臺東縣,非都市土地,農牧用地,營業中,待清查,待清查,
台東成功_馬拉尚露營區,臺東縣,非都市土地,農牧用地,營業中,待清查,待清查,
台東成功_麒麟部落,臺東縣,非都市土地,農牧用地,營業中,,違反區域計畫法,
台東池上_大和牧場蟬園山莊,臺東縣,非都市土地,農牧用地,營業中,待清查,待清查,
"台東池上_小雄 72 號露營區",臺東縣,都市土地,住宅區,營業中,待清查,待清查,
台東池上_牧野渡假村,臺東縣,都市土地,農牧用地,營業中,待清查,待清查,
台東卑南_ㄚ一ㄚ旺溫泉渡假村,臺東縣,都市土地,住宅區,營業中,待清查,待清查,
台東卑南_千歲橋李家庄,臺東縣,都市土地,農業區,營業中,財政部國有財產署提供合法申請使用國有非公用土地,,
台東卑南_台東秘境露營地,臺東縣,非都市土地,農牧用地,營業中,待清查,待清查,
台東卑南_江媽媽溫泉露營區,臺東縣,都市土地,保護區,營業中,財政部國有財產署提供合法申請使用國有非公用土地,,
台東卑南_江媽媽溫泉露營區,臺東縣,都市土地,保護區,營業中,待清查,待清查,
台東卑南_東遊季溫泉渡假村,臺東縣,都市土地,露營區,營業中,待清查,待清查,
台東卑南_初鹿椰子林,臺東縣,非都市土地,農牧用地,營業中,,違反區域計畫法,
台東卑南_初鹿農村黃金果班,臺東縣,非都市土地,農牧用地,營業中,待清查,待清查,
台東卑南_金谷農莊,臺東縣,非都市土地,農牧用地,營業中,,違反區域計畫法,
台東卑南_美濃冰品,臺東縣,待確認,待確認,營業中,待清查,待清查,
台東卑南_敦親牧鄰民宿,臺東縣,非都市土地,農牧用地,營業中,,違反區域計畫法,
台東卑南_萬萬自然生態農場,臺東縣,非都市土地,農牧用地,營業中,待清查,待清查,
台東卑南_樂山溫泉露營區,臺東縣,都市土地,保護區,營業中,待清查,待清查,
台東卑南_魯凱森林,臺東縣,非都市土地,林業用地,營業中,待清查,待清查,是
台東卑南_虂櫿嶇,臺東縣,非都市土地,農牧用地,營業中,待清查,待清查,
台東延平_布農部落休閒農場,臺東縣,非都市土地,特定目的事業用地,營業中,待清查,待清查,
台東延平_星月園休憩露營區,臺東縣,非都市土地,農牧用地,營業中,待清查,待清查,是
台東東河_山海都藍,臺東縣,非都市土地,農牧用地,營業中,財政部國有財產署提供合法申請使用國有非公用土地,,
台東東河_心路旅程露營棧,臺東縣,非都市土地,農牧用地,營業中,,違反區域計畫法,
台東東河_都蘭千美田園創意商行,臺東縣,非都市土地,丙種建築用地,營業中,待清查,待清查,
台東東河_都蘭派出所,臺東縣,待確認,待確認,無營業,,,
台東東河_都蘭海角咖啡,臺東縣,非都市土地,農牧用地,營業中,,違反區域計畫法,
台東東河_都蘭部落後花園露營區,臺東縣,非都市土地,乙種建建築用地,營業中,待清查,待清查,
台東東河_雲中白美學散步露營區,臺東縣,非都市土地,農牧用地,營業中,待清查,待清查,
台東東河_樂活首都茉莉民宿,臺東縣,非都市土地,農牧用地,營業中,待清查,待清查,
台東長濱_巴歌浪船屋民宿,臺東縣,非都市土地,農牧用地,營業中,,違反區域計畫法,
台東長濱_谷泥悠露營區,臺東縣,非都市土地,農牧用地,營業中,,違反區域計畫法,
台東長濱_金剛山滑水主題露營區,臺東縣,非都市土地,農牧用地,營業中,,違反區域計畫法,
台東長濱_長濱分駐所,臺東縣,都市土地,機關用地,營業中,待清查,待清查,
台東長濱_浪花蟹營地,臺東縣,非都市土地,農牧用地,營業中,,違反區域計畫法,
台東長濱_真柄禾多露營區,臺東縣,非都市土地,農牧用地,營業中,,違反區域計畫法,
台東長濱_情人沙灘特色民宿,臺東縣,非都市土地,農牧用地,營業中,,"違反區域計畫法
財政部國有財產署提供占用國有非公用土地之露營場",
台東長濱_微浪。Widang。,臺東縣,非都市土地,農牧用地,營業中,待清查,待清查,
台東長濱_萬路驛民宿,臺東縣,非都市土地,農牧用地,營業中,待清查,待清查,
台東長濱_綺麗歌詩露營園區,臺東縣,非都市土地,林業用地,營業中,待清查,待清查,
台東海端_向陽營地,臺東縣,非都市土地,特定事業用地,營業中,農委會林務局管理,,是
台東海端_霧鹿國小利稻分校,臺東縣,非都市土地,特定事業用地,營業中,待清查,待清查,是
台東鹿野_三姊快樂露營區,臺東縣,都市土地,保護區,營業中,待清查,待清查,是
台東鹿野_古早人ㄟ厝,臺東縣,都市土地,住宅區,營業中,待清查,待清查,
台東鹿野_老王咖啡店,臺東縣,非都市土地,農牧用地,營業中,待清查,待清查,
台東鹿野_典雅休閒農莊,臺東縣,非都市土地,農牧用地,營業中,待清查,待清查,
台東鹿野_春耕源,臺東縣,非都市土地,農牧用地,營業中,待清查,待清查,
台東鹿野_盈家溫泉民宿,臺東縣,非都市土地,農牧用地,無營業,,,
台東鹿野_脫線牧場,臺東縣,非都市土地,農牧用地,無營業,,,
"台東鹿野_鹿野 76 營地",臺東縣,非都市土地,農牧用地,營業中,待清查,待清查,
台東鹿野_鹿野高台大草原露營區,臺東縣,非都市土地,農牧用地,營業中,待清查,待清查,
台東鹿野_碧蘿園好茶莊,臺東縣,非都市土地,農牧用地,營業中,待清查,待清查,
台東鹿野_福鹿山休閒農莊,臺東縣,非都市土地,農牧用地,營業中,待清查,待清查,
台東綠島_紫坪露營區,臺東縣,都市土地,露營區,營業中,露營區作露營設施尚符規定,,
台東關山_清水莊民宿,臺東縣,非都市土地,甲種建築用地,營業中,待清查,待清查,
台東蘭嶼_巴沙藍衝浪民宿,臺東縣,非都市土地,丙種建築用地,營業中,待清查,待清查,
台東蘭嶼_吉米探險家,臺東縣,非都市土地,,營業中,待清查,待清查,
台東蘭嶼_好望角渡假村,臺東縣,非都市土地,丙種建築用地,營業中,待清查,待清查,
台東蘭嶼_碧海蘭天民宿,臺東縣,非都市土地,林業用地,營業中,待清查,待清查,
成功分局長濱分駐所露營區,臺東縣,,,營業中,第一、二波公告,,
成功分局都蘭派出所露營區,臺東縣,,,營業中,第一、二波公告,,
知本森林遊樂區野營活動場,臺東縣,,,營業中,第一、二波公告,,
嘉豐營地,臺東縣,,,營業中,第一、二波公告,,
一家園農場,臺南市,都市土地,保護區,營業中,都市計畫法臺南市施行細則第25條,,否
十鼓文化村,臺南市,都市土地,乙種工業區,營業中,待清查,待清查,否
月世界生態學園,臺南市,非都市土地,特定目地事業用地,營業中,區域計畫法,,否
王老爹的開心農場,臺南市,都市土地,遊樂區,營業中,待清查,待清查,否
台南鴨莊休閒農場-臺南市官田區渡頭里29鄰三塊厝178之1號,臺南市,,,待確認,具有稅籍登記,,
台影文化城,臺南市,非都市土地,林業用地,營業中,,不符農業使用,否
四草舟屋,臺南市,都市土地,遊樂區,營業中,待清查,待清查,否
玉天雲海民宿,臺南市,非都市土地,特定目地事業用地,營業中,待清查,待清查,否
印月農莊,臺南市,非都市土地,農牧用地,營業中,,涉及違規使用,否
尖山埤江南渡假村,臺南市,非都市土地,遊憩用地,營業中,非都市土地使用管制規則,,否
旭陽農場,臺南市,都市土地,農牧用地,營業中,,區域計畫法,否
秀山園民宿,臺南市,非都市土地,農牧用地,營業中,,區域計畫法,否
走馬瀨農場,臺南市,非都市土地,農牧用地,營業中,符合休閒農業輔導管理辦法,,否
來去鄉下住一晚,臺南市,非都市土地,乙種建築用地,營業中,待清查,待清查,否
虎頭埤風景區,臺南市,都市土地,廣場用地,營業中,第一、二波公告,,否
青青河畔茶樹露營區,臺南市,非都市土地,農牧用地,營業中,,農業用地未做農業使用,否
春園高爾夫休閒農場,臺南市,,休閒農場,營業中,,違反森林法及休閒農業輔導管理辦法,
星光田園,臺南市,都市土地,農業區,營業中,,不符農業使用,否
茂勝休閒生態教育農場,臺南市,非都市土地,農牧用地,營業中,,不符農業使用,否
烏山頭水庫風景區,臺南市,非都市土地,保護區,營業中,"財政部國有財產署提供合法申請使用國有非公用土地
都市計畫法臺南市施行細則第25條",,否
烏樹林露營區,臺南市,非都市土地,農牧用地,營業中,,土地建物做相關露營使用,否
鹿兒島生態露營園區,臺南市,非都市土地,遊憩用地與丙建,營業中,非都市土地使用管制規則,,否
曾文青年活動中心,臺南市,都市土地,機關用地,營業中,依計畫書土地使用得為露營之使用,,否
黑糖農莊,臺南市,非都市土地,農牧用地,營業中,,區域計畫法,否
傳念親子休閒園區,臺南市,非都市土地,農牧用地,營業中,,涉及違規使用,否
微風山谷民宿,臺南市,非都市土地,農牧用地,營業中,,區域計畫法,否
愛莊園,臺南市,非都市土地,遊憩用地,營業中,非都市土地使用管制規則,,否
楠西渡假露營餐飲,臺南市,非都市土地,農牧用地,營業中,,涉及違規使用,否
漫步台江露營區,臺南市,都市土地,遊樂區,營業中,待清查,待清查,否
漁光露營中心,臺南市,,,營業中,第一、二波公告,,
綠之宿觀光休閒露營區,臺南市,都市土地,遊樂區,營業中,待清查,待清查,否
"綠果子 Cafe 手工窯烤",臺南市,非都市土地,農牧用地,營業中,,區域計畫法,否
綠境1號露營農場,臺南市,都市土地,農業區,營業中,,不符農業使用,否
德元埤荷蘭村,臺南市,非都市土地,遊憩用地,營業中,非都市土地使用管制規則,,否
貓頭鷹露營區,臺南市,非都市土地,農牧用地,營業中,,涉及違規使用,否
龍目井農場,臺南市,非都市土地,林業用地,營業中,,不符農業使用,否
龜丹休閒體驗農園,臺南市,非都市土地,農牧用地,營業中,,不符農業使用,否
雙春濱海遊憩區,臺南市,,,營業中,第一、二波公告,,
關子嶺開心休閒農場,臺南市,非都市土地,農牧用地,營業中,符合休閒農業輔導管理辦法,,否
七美月鯉灣,澎湖縣,,,營業中,第一、二波公告,,
湖西苗圃童軍露營地,澎湖縣,,,營業中,第一、二波公告,,
